,runtime,algorithm,n_sequence,distance,measure,n_repertoire
0,8.97756576538086,symspell,241817,1,hamming,1
1,0.9059429168701172,xt_neighbor,241817,1,hamming,1
2,0.604344367980957,compairr,241817,1,hamming,1
4,14.929157972335815,symspell,397596,1,hamming,2
5,1.1071608066558838,xt_neighbor,397596,1,hamming,2
6,1.2060863971710205,compairr,397596,1,hamming,2
8,30.453632593154907,symspell,723111,1,hamming,4
9,1.508066177368164,xt_neighbor,723111,1,hamming,4
10,2.9113337993621826,compairr,723111,1,hamming,4
12,70.37759733200073,symspell,1443770,1,hamming,8
13,2.4119670391082764,xt_neighbor,1443770,1,hamming,8
14,7.026549577713013,compairr,1443770,1,hamming,8
16,136.40757846832275,symspell,2473073,1,hamming,16
17,4.016379356384277,xt_neighbor,2473073,1,hamming,16
18,14.048585891723633,compairr,2473073,1,hamming,16
20,7.026456594467163,xt_neighbor,4595236,1,hamming,32
21,31.607335805892944,compairr,4595236,1,hamming,32
23,13.846874475479126,xt_neighbor,8820934,1,hamming,64
24,81.38077759742737,compairr,8820934,1,hamming,64
25,11.042174816131592,symspell,251590,1,hamming,1
26,0.9061102867126465,xt_neighbor,251590,1,hamming,1
27,0.604539155960083,compairr,251590,1,hamming,1
29,17.274635314941406,symspell,462523,1,hamming,2
30,1.1063017845153809,xt_neighbor,462523,1,hamming,2
31,1.5063629150390625,compairr,462523,1,hamming,2
33,33.50072646141052,symspell,778921,1,hamming,4
34,1.5075078010559082,xt_neighbor,778921,1,hamming,4
35,2.9117095470428467,compairr,778921,1,hamming,4
37,61.315171241760254,symspell,1308916,1,hamming,8
38,2.310309886932373,xt_neighbor,1308916,1,hamming,8
39,6.121835231781006,compairr,1308916,1,hamming,8
41,147.60038685798645,symspell,2623852,1,hamming,16
42,4.116915702819824,xt_neighbor,2623852,1,hamming,16
43,15.554443836212158,compairr,2623852,1,hamming,16
45,7.225137233734131,xt_neighbor,4655821,1,hamming,32
46,33.21552348136902,compairr,4655821,1,hamming,32
48,13.643867492675781,xt_neighbor,8737969,1,hamming,64
49,82.58526015281677,compairr,8737969,1,hamming,64
50,1.3688948154449463,symspell,66527,1,hamming,1
51,0.604771614074707,xt_neighbor,66527,1,hamming,1
52,0.20228123664855957,compairr,66527,1,hamming,1
54,5.900983810424805,symspell,154429,1,hamming,2
55,0.8051488399505615,xt_neighbor,154429,1,hamming,2
56,0.4039449691772461,compairr,154429,1,hamming,2
58,31.240654468536377,symspell,722278,1,hamming,4
59,1.5071547031402588,xt_neighbor,722278,1,hamming,4
60,2.912529468536377,compairr,722278,1,hamming,4
62,67.31905055046082,symspell,1311420,1,hamming,8
63,2.3100812435150146,xt_neighbor,1311420,1,hamming,8
64,6.32339882850647,compairr,1311420,1,hamming,8
66,142.02376413345337,symspell,2588661,1,hamming,16
67,4.116880416870117,xt_neighbor,2588661,1,hamming,16
68,16.057822942733765,compairr,2588661,1,hamming,16
70,6.8246612548828125,xt_neighbor,4369974,1,hamming,32
71,31.402076721191406,compairr,4369974,1,hamming,32
73,13.041744947433472,xt_neighbor,8205393,1,hamming,64
74,76.84976625442505,compairr,8205393,1,hamming,64
75,7.487515687942505,symspell,197663,1,hamming,1
76,0.8053872585296631,xt_neighbor,197663,1,hamming,1
77,0.5039615631103516,compairr,197663,1,hamming,1
79,14.469682931900024,symspell,365079,1,hamming,2
80,1.0060851573944092,xt_neighbor,365079,1,hamming,2
81,1.2060608863830566,compairr,365079,1,hamming,2
83,30.077430486679077,symspell,662710,1,hamming,4
84,1.407668113708496,xt_neighbor,662710,1,hamming,4
85,2.610557794570923,compairr,662710,1,hamming,4
87,67.10869002342224,symspell,1423719,1,hamming,8
88,2.5105583667755127,xt_neighbor,1423719,1,hamming,8
89,7.225496530532837,compairr,1423719,1,hamming,8
91,133.50085163116455,symspell,2381475,1,hamming,16
92,3.814678192138672,xt_neighbor,2381475,1,hamming,16
93,13.743513584136963,compairr,2381475,1,hamming,16
95,6.925424575805664,xt_neighbor,4380561,1,hamming,32
96,30.80074167251587,compairr,4380561,1,hamming,32
98,12.943753242492676,xt_neighbor,8219351,1,hamming,64
99,79.06886029243469,compairr,8219351,1,hamming,64
100,12.645732879638672,symspell,275143,1,hamming,1
101,0.9060266017913818,xt_neighbor,275143,1,hamming,1
102,0.805112361907959,compairr,275143,1,hamming,1
104,16.531756162643433,symspell,407666,1,hamming,2
105,1.1068594455718994,xt_neighbor,407666,1,hamming,2
106,1.406785011291504,compairr,407666,1,hamming,2
108,26.411742687225342,symspell,609902,1,hamming,4
109,1.4071543216705322,xt_neighbor,609902,1,hamming,4
110,2.409198045730591,compairr,609902,1,hamming,4
112,51.413344383239746,symspell,1042508,1,hamming,8
113,2.008807897567749,xt_neighbor,1042508,1,hamming,8
114,4.515434503555298,compairr,1042508,1,hamming,8
116,121.77579665184021,symspell,2210476,1,hamming,16
117,3.5135300159454346,xt_neighbor,2210476,1,hamming,16
118,12.14001750946045,compairr,2210476,1,hamming,16
120,6.52323055267334,xt_neighbor,4218004,1,hamming,32
121,29.29883646965027,compairr,4218004,1,hamming,32
123,13.144943475723267,xt_neighbor,8252118,1,hamming,64
124,75.24406957626343,compairr,8252118,1,hamming,64
125,7.510691404342651,symspell,186332,1,hamming,1
126,0.8050558567047119,xt_neighbor,186332,1,hamming,1
127,0.5034706592559814,compairr,186332,1,hamming,1
129,14.879128694534302,symspell,381531,1,hamming,2
130,1.1063601970672607,xt_neighbor,381531,1,hamming,2
131,1.307753086090088,compairr,381531,1,hamming,2
133,28.817527532577515,symspell,636908,1,hamming,4
134,1.4071784019470215,xt_neighbor,636908,1,hamming,4
135,2.4100048542022705,compairr,636908,1,hamming,4
137,65.5835611820221,symspell,1350830,1,hamming,8
138,2.412191390991211,xt_neighbor,1350830,1,hamming,8
139,6.525359392166138,compairr,1350830,1,hamming,8
141,140.37999200820923,symspell,2504289,1,hamming,16
142,4.014767408370972,xt_neighbor,2504289,1,hamming,16
143,13.842267751693726,compairr,2504289,1,hamming,16
145,6.720701694488525,xt_neighbor,4332597,1,hamming,32
146,29.091545581817627,compairr,4332597,1,hamming,32
148,12.838273048400879,xt_neighbor,8204198,1,hamming,64
149,71.63119292259216,compairr,8204198,1,hamming,64
150,4.6162614822387695,symspell,200405,1,hamming,1
151,0.805351734161377,xt_neighbor,200405,1,hamming,1
152,0.5036520957946777,compairr,200405,1,hamming,1
154,11.193699836730957,symspell,372338,1,hamming,2
155,1.1057016849517822,xt_neighbor,372338,1,hamming,2
156,1.1050488948822021,compairr,372338,1,hamming,2
158,28.98249387741089,symspell,678232,1,hamming,4
159,1.4065794944763184,xt_neighbor,678232,1,hamming,4
160,2.4091405868530273,compairr,678232,1,hamming,4
162,57.10784602165222,symspell,1225051,1,hamming,8
163,2.210379123687744,xt_neighbor,1225051,1,hamming,8
164,5.31977391242981,compairr,1225051,1,hamming,8
166,119.93201279640198,symspell,2224811,1,hamming,16
167,3.6125693321228027,xt_neighbor,2224811,1,hamming,16
168,11.835525274276733,compairr,2224811,1,hamming,16
170,6.522435188293457,xt_neighbor,4181857,1,hamming,32
171,27.48701786994934,compairr,4181857,1,hamming,32
173,12.840173482894897,xt_neighbor,8205975,1,hamming,64
174,70.22867703437805,compairr,8205975,1,hamming,64
175,2.970137357711792,symspell,138866,1,hamming,1
176,0.7043149471282959,xt_neighbor,138866,1,hamming,1
177,0.30269861221313477,compairr,138866,1,hamming,1
179,8.719590187072754,symspell,273235,1,hamming,2
180,0.905583381652832,xt_neighbor,273235,1,hamming,2
181,0.7039694786071777,compairr,273235,1,hamming,2
183,17.285590410232544,symspell,432302,1,hamming,4
184,1.1063816547393799,xt_neighbor,432302,1,hamming,4
185,1.306558609008789,compairr,432302,1,hamming,4
187,51.20902395248413,symspell,1108997,1,hamming,8
188,2.00807523727417,xt_neighbor,1108997,1,hamming,8
189,4.71585488319397,compairr,1108997,1,hamming,8
191,123.36521625518799,symspell,2199851,1,hamming,16
192,3.6142630577087402,xt_neighbor,2199851,1,hamming,16
193,11.842414617538452,compairr,2199851,1,hamming,16
195,6.523345708847046,xt_neighbor,4153970,1,hamming,32
196,27.693114042282104,compairr,4153970,1,hamming,32
198,13.244050979614258,xt_neighbor,8366743,1,hamming,64
199,79.66613793373108,compairr,8366743,1,hamming,64
200,4.631973743438721,symspell,208062,1,hamming,1
201,0.8053960800170898,xt_neighbor,208062,1,hamming,1
202,0.5040228366851807,compairr,208062,1,hamming,1
204,14.845364093780518,symspell,455677,1,hamming,2
205,1.1076080799102783,xt_neighbor,455677,1,hamming,2
206,1.5068237781524658,compairr,455677,1,hamming,2
208,36.24100351333618,symspell,792061,1,hamming,4
209,1.6080048084259033,xt_neighbor,792061,1,hamming,4
210,3.1128201484680176,compairr,792061,1,hamming,4
212,57.10661220550537,symspell,1196975,1,hamming,8
213,2.109062433242798,xt_neighbor,1196975,1,hamming,8
214,5.519130229949951,compairr,1196975,1,hamming,8
216,120.92954778671265,symspell,2302643,1,hamming,16
217,3.615154504776001,xt_neighbor,2302643,1,hamming,16
218,12.140387535095215,compairr,2302643,1,hamming,16
220,7.022480487823486,xt_neighbor,4539951,1,hamming,32
221,30.702038764953613,compairr,4539951,1,hamming,32
223,13.441093921661377,xt_neighbor,8573313,1,hamming,64
224,74.8499276638031,compairr,8573313,1,hamming,64
225,5.4891438484191895,symspell,147472,1,hamming,1
226,0.7049088478088379,xt_neighbor,147472,1,hamming,1
227,0.40358781814575195,compairr,147472,1,hamming,1
229,10.763622522354126,symspell,290919,1,hamming,2
230,0.9053654670715332,xt_neighbor,290919,1,hamming,2
231,0.8051986694335938,compairr,290919,1,hamming,2
233,21.504688262939453,symspell,490802,1,hamming,4
234,1.2063477039337158,xt_neighbor,490802,1,hamming,4
235,1.6065542697906494,compairr,490802,1,hamming,4
237,55.70350098609924,symspell,1213841,1,hamming,8
238,2.1092934608459473,xt_neighbor,1213841,1,hamming,8
239,5.317245244979858,compairr,1213841,1,hamming,8
241,130.0582733154297,symspell,2364481,1,hamming,16
242,3.814079761505127,xt_neighbor,2364481,1,hamming,16
243,12.64249587059021,compairr,2364481,1,hamming,16
245,6.722201824188232,xt_neighbor,4379127,1,hamming,32
246,29.48673367500305,compairr,4379127,1,hamming,32
248,12.538511991500854,xt_neighbor,8061148,1,hamming,64
249,66.51568341255188,compairr,8061148,1,hamming,64
250,6.799513101577759,symspell,241817,2,hamming,1
251,2.510105609893799,xt_neighbor,241817,2,hamming,1
252,55.95164227485657,compairr,241817,2,hamming,1
254,16.887107610702515,symspell,397596,2,hamming,2
255,4.215204238891602,xt_neighbor,397596,2,hamming,2
256,102.9123969078064,compairr,397596,2,hamming,2
258,30.33907675743103,symspell,723111,2,hamming,4
259,8.224808931350708,xt_neighbor,723111,2,hamming,4
260,217.63225150108337,compairr,723111,2,hamming,4
262,67.40244698524475,symspell,1443770,2,hamming,8
263,20.060100317001343,xt_neighbor,1443770,2,hamming,8
264,497.18169713020325,compairr,1443770,2,hamming,8
266,140.5356228351593,symspell,2473073,2,hamming,16
267,43.02225399017334,xt_neighbor,2473073,2,hamming,16
268,917.2859330177307,compairr,2473073,2,hamming,16
270,124.26792097091675,xt_neighbor,4595236,2,hamming,32
271,11.374158143997192,symspell,251590,2,hamming,1
272,2.6094634532928467,xt_neighbor,251590,2,hamming,1
273,61.08625650405884,compairr,251590,2,hamming,1
275,19.141153812408447,symspell,462523,2,hamming,2
276,4.916388511657715,xt_neighbor,462523,2,hamming,2
277,123.25741672515869,compairr,462523,2,hamming,2
279,34.75275492668152,symspell,778921,2,hamming,4
280,9.030407667160034,xt_neighbor,778921,2,hamming,4
281,220.3001308441162,compairr,778921,2,hamming,4
283,62.607194900512695,symspell,1308916,2,hamming,8
284,17.552765130996704,xt_neighbor,1308916,2,hamming,8
285,442.1282091140747,compairr,1308916,2,hamming,8
287,148.14632511138916,symspell,2623852,2,hamming,16
288,46.642338514328,xt_neighbor,2623852,2,hamming,16
289,987.1218657493591,compairr,2623852,2,hamming,16
291,127.6835126876831,xt_neighbor,4655821,2,hamming,32
292,1.3460602760314941,symspell,66527,2,hamming,1
293,1.006408929824829,xt_neighbor,66527,2,hamming,1
294,11.63114595413208,compairr,66527,2,hamming,1
296,5.8587048053741455,symspell,154429,2,hamming,2
297,1.7075378894805908,xt_neighbor,154429,2,hamming,2
298,31.286865949630737,compairr,154429,2,hamming,2
300,32.29808259010315,symspell,722278,2,hamming,4
301,8.328620195388794,xt_neighbor,722278,2,hamming,4
302,223.43382024765015,compairr,722278,2,hamming,4
304,67.49816584587097,symspell,1311420,2,hamming,8
305,17.848896265029907,xt_neighbor,1311420,2,hamming,8
306,460.8831617832184,compairr,1311420,2,hamming,8
308,145.61896777153015,symspell,2588661,2,hamming,16
309,45.930469036102295,xt_neighbor,2588661,2,hamming,16
310,989.5627372264862,compairr,2588661,2,hamming,16
312,113.7318058013916,xt_neighbor,4369974,2,hamming,32
313,7.199817180633545,symspell,197663,2,hamming,1
314,2.109874963760376,xt_neighbor,197663,2,hamming,1
315,44.828227519989014,compairr,197663,2,hamming,1
317,14.833341836929321,symspell,365079,2,hamming,2
318,3.8139333724975586,xt_neighbor,365079,2,hamming,2
319,97.77463984489441,compairr,365079,2,hamming,2
321,30.51480197906494,symspell,662710,2,hamming,4
322,7.524105072021484,xt_neighbor,662710,2,hamming,4
323,197.44800782203674,compairr,662710,2,hamming,4
325,67.62188029289246,symspell,1423719,2,hamming,8
326,19.65521764755249,xt_neighbor,1423719,2,hamming,8
327,520.6302795410156,compairr,1423719,2,hamming,8
329,131.3767855167389,symspell,2381475,2,hamming,16
330,40.10941123962402,xt_neighbor,2381475,2,hamming,16
331,851.9021430015564,compairr,2381475,2,hamming,16
333,113.11096811294556,xt_neighbor,4380561,2,hamming,32
334,11.713740825653076,symspell,275143,2,hamming,1
335,2.9114105701446533,xt_neighbor,275143,2,hamming,1
336,66.17905139923096,compairr,275143,2,hamming,1
338,16.291259288787842,symspell,407666,2,hamming,2
339,4.415449619293213,xt_neighbor,407666,2,hamming,2
340,102.84753513336182,compairr,407666,2,hamming,2
342,26.021897554397583,symspell,609902,2,hamming,4
343,6.920731067657471,xt_neighbor,609902,2,hamming,4
344,170.75882577896118,compairr,609902,2,hamming,4
346,49.48167967796326,symspell,1042508,2,hamming,8
347,13.239888668060303,xt_neighbor,1042508,2,hamming,8
348,311.0985324382782,compairr,1042508,2,hamming,8
350,121.5463809967041,symspell,2210476,2,hamming,16
351,36.113879442214966,xt_neighbor,2210476,2,hamming,16
352,764.3377385139465,compairr,2210476,2,hamming,16
354,106.08648490905762,xt_neighbor,4218004,2,hamming,32
355,8.036378622055054,symspell,186332,2,hamming,1
356,2.009070873260498,xt_neighbor,186332,2,hamming,1
357,41.81373572349548,compairr,186332,2,hamming,1
359,14.684685945510864,symspell,381531,2,hamming,2
360,4.015164375305176,xt_neighbor,381531,2,hamming,2
361,96.05399298667908,compairr,381531,2,hamming,2
363,27.976983785629272,symspell,636908,2,hamming,4
364,7.223726511001587,xt_neighbor,636908,2,hamming,4
365,184.95162296295166,compairr,636908,2,hamming,4
367,67.995521068573,symspell,1350830,2,hamming,8
368,18.45977282524109,xt_neighbor,1350830,2,hamming,8
369,455.7613649368286,compairr,1350830,2,hamming,8
371,143.12475728988647,symspell,2504289,2,hamming,16
372,43.224666595458984,xt_neighbor,2504289,2,hamming,16
373,917.8756785392761,compairr,2504289,2,hamming,16
375,115.31376624107361,xt_neighbor,4332597,2,hamming,32
376,4.623631000518799,symspell,200405,2,hamming,1
377,2.208695888519287,xt_neighbor,200405,2,hamming,1
378,46.41671085357666,compairr,200405,2,hamming,1
380,12.941718578338623,symspell,372338,2,hamming,2
381,3.9150185585021973,xt_neighbor,372338,2,hamming,2
382,94.02688121795654,compairr,372338,2,hamming,2
384,30.926329612731934,symspell,678232,2,hamming,4
385,7.825078010559082,xt_neighbor,678232,2,hamming,4
386,199.94830751419067,compairr,678232,2,hamming,4
388,57.963319063186646,symspell,1225051,2,hamming,8
389,16.045727252960205,xt_neighbor,1225051,2,hamming,8
390,390.98614406585693,compairr,1225051,2,hamming,8
392,124.15074634552002,symspell,2224811,2,hamming,16
393,36.799591064453125,xt_neighbor,2224811,2,hamming,16
394,784.6217658519745,compairr,2224811,2,hamming,16
396,95.0906286239624,xt_neighbor,4181857,2,hamming,32
397,3.1861069202423096,symspell,138866,2,hamming,1
398,1.7084712982177734,xt_neighbor,138866,2,hamming,1
399,28.49142837524414,compairr,138866,2,hamming,1
401,10.048853397369385,symspell,273235,2,hamming,2
402,2.9119162559509277,xt_neighbor,273235,2,hamming,2
403,68.12194919586182,compairr,273235,2,hamming,2
405,19.830652475357056,symspell,432302,2,hamming,4
406,4.616969585418701,xt_neighbor,432302,2,hamming,4
407,114.93889284133911,compairr,432302,2,hamming,4
409,54.432010889053345,symspell,1108997,2,hamming,8
410,14.241334915161133,xt_neighbor,1108997,2,hamming,8
411,342.9484910964966,compairr,1108997,2,hamming,8
413,122.36785364151001,symspell,2199851,2,hamming,16
414,35.806790828704834,xt_neighbor,2199851,2,hamming,16
415,767.612414598465,compairr,2199851,2,hamming,16
417,102.2904908657074,xt_neighbor,4153970,2,hamming,32
418,4.646474361419678,symspell,208062,2,hamming,1
419,2.20869517326355,xt_neighbor,208062,2,hamming,1
420,47.02389621734619,compairr,208062,2,hamming,1
422,19.473193407058716,symspell,455677,2,hamming,2
423,4.9176084995269775,xt_neighbor,455677,2,hamming,2
424,118.52423429489136,compairr,455677,2,hamming,2
426,37.72644090652466,symspell,792061,2,hamming,4
427,9.331832647323608,xt_neighbor,792061,2,hamming,4
428,220.01870799064636,compairr,792061,2,hamming,4
430,55.751482009887695,symspell,1196975,2,hamming,8
431,15.649037837982178,xt_neighbor,1196975,2,hamming,8
432,382.04656314849854,compairr,1196975,2,hamming,8
434,134.058274269104,symspell,2302643,2,hamming,16
435,38.40636372566223,xt_neighbor,2302643,2,hamming,16
436,798.7846412658691,compairr,2302643,2,hamming,16
438,108.1950581073761,xt_neighbor,4539951,2,hamming,32
439,3.3406641483306885,symspell,147472,2,hamming,1
440,1.707780361175537,xt_neighbor,147472,2,hamming,1
441,29.773601770401,compairr,147472,2,hamming,1
443,8.415186643600464,symspell,290919,2,hamming,2
444,3.1112008094787598,xt_neighbor,290919,2,hamming,2
445,70.17953109741211,compairr,290919,2,hamming,2
447,22.46856141090393,symspell,490802,2,hamming,4
448,5.316678762435913,xt_neighbor,490802,2,hamming,4
449,129.95431232452393,compairr,490802,2,hamming,4
451,59.565247774124146,symspell,1213841,2,hamming,8
452,16.045884370803833,xt_neighbor,1213841,2,hamming,8
453,393.60633754730225,compairr,1213841,2,hamming,8
455,133.88150811195374,symspell,2364481,2,hamming,16
456,40.11730408668518,xt_neighbor,2364481,2,hamming,16
457,846.4871416091919,compairr,2364481,2,hamming,16
459,116.40827655792236,xt_neighbor,4379127,2,hamming,32
0,0.9095773696899414,symscancli2,241817,1,hamming,1
1,1.508164405822754,symscancli2,397596,1,hamming,2
2,2.513158082962036,symscancli2,723111,1,hamming,4
3,4.723703861236572,symscancli2,1443770,1,hamming,8
4,8.743030786514282,symscancli2,2473073,1,hamming,16
5,16.879499435424805,symscancli2,4595236,1,hamming,32
6,34.63686203956604,symscancli2,8820934,1,hamming,64
7,1.0083658695220947,symscancli2,251590,1,hamming,1
8,1.6071116924285889,symscancli2,462523,1,hamming,2
9,2.8207192420959473,symscancli2,778921,1,hamming,4
10,4.2284815311431885,symscancli2,1308916,1,hamming,8
11,9.140544891357422,symscancli2,2623852,1,hamming,16
12,17.27995538711548,symscancli2,4655821,1,hamming,32
13,34.662795305252075,symscancli2,8737969,1,hamming,64
14,0.30299806594848633,symscancli2,66527,1,hamming,1
15,0.7045042514801025,symscancli2,154429,1,hamming,2
16,2.6199400424957275,symscancli2,722278,1,hamming,4
17,4.321522235870361,symscancli2,1311420,1,hamming,8
18,9.137836694717407,symscancli2,2588661,1,hamming,16
19,16.486264944076538,symscancli2,4369974,1,hamming,32
20,32.55487680435181,symscancli2,8205393,1,hamming,64
21,0.9056859016418457,symscancli2,197663,1,hamming,1
22,1.308652400970459,symscancli2,365079,1,hamming,2
23,2.211944103240967,symscancli2,662710,1,hamming,4
24,4.7227256298065186,symscancli2,1423719,1,hamming,8
25,8.337875604629517,symscancli2,2381475,1,hamming,16
26,16.06321120262146,symscancli2,4380561,1,hamming,32
27,34.16788411140442,symscancli2,8219351,1,hamming,64
28,1.2069933414459229,symscancli2,275143,1,hamming,1
29,1.3106462955474854,symscancli2,407666,1,hamming,2
30,2.1134073734283447,symscancli2,609902,1,hamming,4
31,3.6233325004577637,symscancli2,1042508,1,hamming,8
32,7.841962575912476,symscancli2,2210476,1,hamming,16
33,15.565789699554443,symscancli2,4218004,1,hamming,32
34,32.740195751190186,symscancli2,8252118,1,hamming,64
35,0.8042948246002197,symscancli2,186332,1,hamming,1
36,1.4095115661621094,symscancli2,381531,1,hamming,2
37,2.01078200340271,symscancli2,636908,1,hamming,4
38,4.424353837966919,symscancli2,1350830,1,hamming,8
39,8.740033864974976,symscancli2,2504289,1,hamming,16
40,16.07443857192993,symscancli2,4332597,1,hamming,32
41,32.55407500267029,symscancli2,8204198,1,hamming,64
42,0.8077025413513184,symscancli2,200405,1,hamming,1
43,1.6095147132873535,symscancli2,372338,1,hamming,2
44,2.3123695850372314,symscancli2,678232,1,hamming,4
45,4.12079381942749,symscancli2,1225051,1,hamming,8
46,7.840359926223755,symscancli2,2224811,1,hamming,16
47,15.468953132629395,symscancli2,4181857,1,hamming,32
48,32.834118604660034,symscancli2,8205975,1,hamming,64
49,0.7042324542999268,symscancli2,138866,1,hamming,1
50,1.1079223155975342,symscancli2,273235,1,hamming,2
51,1.5109100341796875,symscancli2,432302,1,hamming,4
52,3.7188832759857178,symscancli2,1108997,1,hamming,8
53,7.6318395137786865,symscancli2,2199851,1,hamming,16
54,15.263578653335571,symscancli2,4153970,1,hamming,32
55,33.24363470077515,symscancli2,8366743,1,hamming,64
56,0.9083752632141113,symscancli2,208062,1,hamming,1
57,1.5086002349853516,symscancli2,455677,1,hamming,2
58,2.7171928882598877,symscancli2,792061,1,hamming,4
59,3.9220871925354004,symscancli2,1196975,1,hamming,8
60,8.13809847831726,symscancli2,2302643,1,hamming,16
61,16.46744155883789,symscancli2,4539951,1,hamming,32
62,33.540183544158936,symscancli2,8573313,1,hamming,64
63,0.7039840221405029,symscancli2,147472,1,hamming,1
64,1.0139174461364746,symscancli2,290919,1,hamming,2
65,1.6128220558166504,symscancli2,490802,1,hamming,4
66,4.018556118011475,symscancli2,1213841,1,hamming,8
67,8.033068418502808,symscancli2,2364481,1,hamming,16
68,15.968302011489868,symscancli2,4379127,1,hamming,32
69,31.25427532196045,symscancli2,8061148,1,hamming,64
70,5.426029920578003,symscancli2,241817,2,hamming,1
71,10.049573421478271,symscancli2,397596,2,hamming,2
72,16.262463092803955,symscancli2,723111,2,hamming,4
73,38.25391459465027,symscancli2,1443770,2,hamming,8
74,76.52987456321716,symscancli2,2473073,2,hamming,16
75,165.56459593772888,symscancli2,4595236,2,hamming,32
76,5.522350788116455,symscancli2,251590,2,hamming,1
77,9.634840488433838,symscancli2,462523,2,hamming,2
78,17.7685866355896,symscancli2,778921,2,hamming,4
79,34.1352858543396,symscancli2,1308916,2,hamming,8
80,82.71557259559631,symscancli2,2623852,2,hamming,16
81,170.12668871879578,symscancli2,4655821,2,hamming,32
82,1.6086833477020264,symscancli2,66527,2,hamming,1
83,4.1172802448272705,symscancli2,154429,2,hamming,2
84,16.858400583267212,symscancli2,722278,2,hamming,4
85,34.73431587219238,symscancli2,1311420,2,hamming,8
86,81.20030212402344,symscancli2,2588661,2,hamming,16
87,156.18333387374878,symscancli2,4369974,2,hamming,32
88,5.220093488693237,symscancli2,197663,2,hamming,1
89,8.532896757125854,symscancli2,365079,2,hamming,2
90,15.369475841522217,symscancli2,662710,2,hamming,4
91,40.766276597976685,symscancli2,1423719,2,hamming,8
92,77.40479779243469,symscancli2,2381475,2,hamming,16
93,162.44347977638245,symscancli2,4380561,2,hamming,32
94,6.523326396942139,symscancli2,275143,2,hamming,1
95,8.742752075195312,symscancli2,407666,2,hamming,2
96,14.05027461051941,symscancli2,609902,2,hamming,4
97,26.802576780319214,symscancli2,1042508,2,hamming,8
98,67.3556706905365,symscancli2,2210476,2,hamming,16
99,153.76375603675842,symscancli2,4218004,2,hamming,32
100,4.920282363891602,symscancli2,186332,2,hamming,1
101,8.836116552352905,symscancli2,381531,2,hamming,2
102,14.854909420013428,symscancli2,636908,2,hamming,4
103,36.3373441696167,symscancli2,1350830,2,hamming,8
104,78.29951024055481,symscancli2,2504289,2,hamming,16
105,158.7893259525299,symscancli2,4332597,2,hamming,32
106,4.518899917602539,symscancli2,200405,2,hamming,1
107,8.934327363967896,symscancli2,372338,2,hamming,2
108,16.157005310058594,symscancli2,678232,2,hamming,4
109,32.23061442375183,symscancli2,1225051,2,hamming,8
110,67.75612950325012,symscancli2,2224811,2,hamming,16
111,151.38703513145447,symscancli2,4181857,2,hamming,32
112,3.6164519786834717,symscancli2,138866,2,hamming,1
113,6.023643255233765,symscancli2,273235,2,hamming,2
114,8.836548328399658,symscancli2,432302,2,hamming,4
115,28.03428888320923,symscancli2,1108997,2,hamming,8
116,64.53021192550659,symscancli2,2199851,2,hamming,16
117,144.41887974739075,symscancli2,4153970,2,hamming,32
118,4.520329475402832,symscancli2,208062,2,hamming,1
119,9.639251947402954,symscancli2,455677,2,hamming,2
120,18.36708378791809,symscancli2,792061,2,hamming,4
121,31.824827432632446,symscancli2,1196975,2,hamming,8
122,70.88716197013855,symscancli2,2302643,2,hamming,16
123,164.80124354362488,symscancli2,4539951,2,hamming,32
124,3.7244110107421875,symscancli2,147472,2,hamming,1
125,7.024566411972046,symscancli2,290919,2,hamming,2
126,10.54307746887207,symscancli2,490802,2,hamming,4
127,31.532562017440796,symscancli2,1213841,2,hamming,8
128,72.48661136627197,symscancli2,2364481,2,hamming,16
129,159.62746357917786,symscancli2,4379127,2,hamming,32
0,8.18602180480957,symspell,241817,1,hamming,1
1,5.117795467376709,xt_neighbor,241817,1,hamming,1
2,0.6035013198852539,compairr,241817,1,hamming,1
3,0.9072928428649902,symscancli2,241817,1,hamming,1
4,13.121630907058716,symspell,397596,1,hamming,2
5,1.0055267810821533,xt_neighbor,397596,1,hamming,2
6,1.2058322429656982,compairr,397596,1,hamming,2
7,1.6108205318450928,symscancli2,397596,1,hamming,2
8,26.782333850860596,symspell,723111,1,hamming,4
9,1.4066550731658936,xt_neighbor,723111,1,hamming,4
10,2.7107255458831787,compairr,723111,1,hamming,4
11,2.3129360675811768,symscancli2,723111,1,hamming,4
12,62.54944467544556,symspell,1443770,1,hamming,8
13,2.309767246246338,xt_neighbor,1443770,1,hamming,8
14,6.825563907623291,compairr,1443770,1,hamming,8
15,4.6237547397613525,symscancli2,1443770,1,hamming,8
16,121.65085482597351,symspell,2473073,1,hamming,16
17,3.614675760269165,xt_neighbor,2473073,1,hamming,16
18,12.840641260147095,compairr,2473073,1,hamming,16
19,8.540346384048462,symscancli2,2473073,1,hamming,16
20,6.721612215042114,xt_neighbor,4595236,1,hamming,32
21,29.194754600524902,compairr,4595236,1,hamming,32
22,16.87273383140564,symscancli2,4595236,1,hamming,32
23,12.841424703598022,xt_neighbor,8820934,1,hamming,64
24,70.52085065841675,compairr,8820934,1,hamming,64
25,33.72154641151428,symscancli2,8820934,1,hamming,64
26,8.61181092262268,symspell,251590,1,hamming,1
27,0.9046916961669922,xt_neighbor,251590,1,hamming,1
28,0.6034345626831055,compairr,251590,1,hamming,1
29,0.9046728610992432,symscancli2,251590,1,hamming,1
30,16.397122859954834,symspell,462523,1,hamming,2
31,1.1055114269256592,xt_neighbor,462523,1,hamming,2
32,1.3057241439819336,compairr,462523,1,hamming,2
33,1.509704351425171,symscancli2,462523,1,hamming,2
34,28.27401041984558,symspell,778921,1,hamming,4
35,1.5074570178985596,xt_neighbor,778921,1,hamming,4
36,2.809659957885742,compairr,778921,1,hamming,4
37,2.5116775035858154,symscancli2,778921,1,hamming,4
38,55.08155632019043,symspell,1308916,1,hamming,8
39,2.1088016033172607,xt_neighbor,1308916,1,hamming,8
40,5.117185831069946,compairr,1308916,1,hamming,8
41,4.420654773712158,symscancli2,1308916,1,hamming,8
42,126.85469698905945,symspell,2623852,1,hamming,16
43,3.9148006439208984,xt_neighbor,2623852,1,hamming,16
44,13.84588885307312,compairr,2623852,1,hamming,16
45,9.14264965057373,symscancli2,2623852,1,hamming,16
46,6.72447657585144,xt_neighbor,4655821,1,hamming,32
47,29.59032154083252,compairr,4655821,1,hamming,32
48,17.379308223724365,symscancli2,4655821,1,hamming,32
49,12.939531326293945,xt_neighbor,8737969,1,hamming,64
50,69.31800103187561,compairr,8737969,1,hamming,64
51,34.639763593673706,symscancli2,8737969,1,hamming,64
52,1.2964808940887451,symspell,66527,1,hamming,1
53,0.6049540042877197,xt_neighbor,66527,1,hamming,1
54,0.20292377471923828,compairr,66527,1,hamming,1
55,0.3028593063354492,symscancli2,66527,1,hamming,1
56,3.3017544746398926,symspell,154429,1,hamming,2
57,0.8049285411834717,xt_neighbor,154429,1,hamming,2
58,0.4030156135559082,compairr,154429,1,hamming,2
59,0.7041215896606445,symscancli2,154429,1,hamming,2
60,27.065289735794067,symspell,722278,1,hamming,4
61,1.4073710441589355,xt_neighbor,722278,1,hamming,4
62,2.7097465991973877,compairr,722278,1,hamming,4
63,2.4123284816741943,symscancli2,722278,1,hamming,4
64,56.92521023750305,symspell,1311420,1,hamming,8
65,2.1087682247161865,xt_neighbor,1311420,1,hamming,8
66,5.820295095443726,compairr,1311420,1,hamming,8
67,4.322741270065308,symscancli2,1311420,1,hamming,8
68,128.44632267951965,symspell,2588661,1,hamming,16
69,3.813746690750122,xt_neighbor,2588661,1,hamming,16
70,13.644007205963135,compairr,2588661,1,hamming,16
71,8.840012788772583,symscancli2,2588661,1,hamming,16
72,6.319581747055054,xt_neighbor,4369974,1,hamming,32
73,26.78400731086731,compairr,4369974,1,hamming,32
74,15.978337049484253,symscancli2,4369974,1,hamming,32
75,12.034246683120728,xt_neighbor,8205393,1,hamming,64
76,64.80816102027893,compairr,8205393,1,hamming,64
77,31.520809650421143,symscancli2,8205393,1,hamming,64
78,4.925647258758545,symspell,197663,1,hamming,1
79,0.8044500350952148,xt_neighbor,197663,1,hamming,1
80,0.5039017200469971,compairr,197663,1,hamming,1
81,0.9055681228637695,symscancli2,197663,1,hamming,1
82,13.161921262741089,symspell,365079,1,hamming,2
83,0.905580997467041,xt_neighbor,365079,1,hamming,2
84,1.0046658515930176,compairr,365079,1,hamming,2
85,1.5097789764404297,symscancli2,365079,1,hamming,2
86,24.82218599319458,symspell,662710,1,hamming,4
87,1.305936336517334,xt_neighbor,662710,1,hamming,4
88,2.2080392837524414,compairr,662710,1,hamming,4
89,2.213650941848755,symscancli2,662710,1,hamming,4
90,58.96656250953674,symspell,1423719,1,hamming,8
91,2.3087239265441895,xt_neighbor,1423719,1,hamming,8
92,6.421822547912598,compairr,1423719,1,hamming,8
93,4.622696876525879,symscancli2,1423719,1,hamming,8
94,115.0644736289978,symspell,2381475,1,hamming,16
95,3.5129501819610596,xt_neighbor,2381475,1,hamming,16
96,11.533668756484985,compairr,2381475,1,hamming,16
97,8.134151935577393,symscancli2,2381475,1,hamming,16
98,6.322516918182373,xt_neighbor,4380561,1,hamming,32
99,26.682497024536133,compairr,4380561,1,hamming,32
100,15.97097659111023,symscancli2,4380561,1,hamming,32
101,12.03550672531128,xt_neighbor,8219351,1,hamming,64
102,64.19960808753967,compairr,8219351,1,hamming,64
103,31.819204330444336,symscancli2,8219351,1,hamming,64
104,7.334194898605347,symspell,275143,1,hamming,1
105,0.904517412185669,xt_neighbor,275143,1,hamming,1
106,0.7037959098815918,compairr,275143,1,hamming,1
107,1.1078219413757324,symscancli2,275143,1,hamming,1
108,14.505711555480957,symspell,407666,1,hamming,2
109,1.1057360172271729,xt_neighbor,407666,1,hamming,2
110,1.3075709342956543,compairr,407666,1,hamming,2
111,1.409472942352295,symscancli2,407666,1,hamming,2
112,22.980323314666748,symspell,609902,1,hamming,4
113,1.306715726852417,xt_neighbor,609902,1,hamming,4
114,1.9077999591827393,compairr,609902,1,hamming,4
115,2.008923053741455,symscancli2,609902,1,hamming,4
116,42.2103910446167,symspell,1042508,1,hamming,8
117,1.8079166412353516,xt_neighbor,1042508,1,hamming,8
118,4.014356374740601,compairr,1042508,1,hamming,8
119,3.518791675567627,symscancli2,1042508,1,hamming,8
120,107.76223015785217,symspell,2210476,1,hamming,16
121,3.4125428199768066,xt_neighbor,2210476,1,hamming,16
122,10.63323712348938,compairr,2210476,1,hamming,16
123,7.5362935066223145,symscancli2,2210476,1,hamming,16
124,6.221056699752808,xt_neighbor,4218004,1,hamming,32
125,25.47893524169922,compairr,4218004,1,hamming,32
126,15.160511493682861,symscancli2,4218004,1,hamming,32
127,12.23760986328125,xt_neighbor,8252118,1,hamming,64
128,67.49430274963379,compairr,8252118,1,hamming,64
129,31.818053245544434,symscancli2,8252118,1,hamming,64
130,3.7915029525756836,symspell,186332,1,hamming,1
131,0.8053503036499023,xt_neighbor,186332,1,hamming,1
132,0.4032113552093506,compairr,186332,1,hamming,1
133,0.9072785377502441,symscancli2,186332,1,hamming,1
134,11.599765539169312,symspell,381531,1,hamming,2
135,1.005126714706421,xt_neighbor,381531,1,hamming,2
136,1.105654239654541,compairr,381531,1,hamming,2
137,1.3074629306793213,symscancli2,381531,1,hamming,2
138,24.231580018997192,symspell,636908,1,hamming,4
139,1.3057355880737305,xt_neighbor,636908,1,hamming,4
140,2.107905387878418,compairr,636908,1,hamming,4
141,2.211879014968872,symscancli2,636908,1,hamming,4
142,59.27033233642578,symspell,1350830,1,hamming,8
143,2.208721876144409,xt_neighbor,1350830,1,hamming,8
144,6.020895957946777,compairr,1350830,1,hamming,8
145,4.537452697753906,symscancli2,1350830,1,hamming,8
146,120.53499937057495,symspell,2504289,1,hamming,16
147,3.7130789756774902,xt_neighbor,2504289,1,hamming,16
148,12.939168453216553,compairr,2504289,1,hamming,16
149,8.749203205108643,symscancli2,2504289,1,hamming,16
150,6.22105073928833,xt_neighbor,4332597,1,hamming,32
151,26.580462217330933,compairr,4332597,1,hamming,32
152,16.166043043136597,symscancli2,4332597,1,hamming,32
153,12.038999557495117,xt_neighbor,8204198,1,hamming,64
154,66.89693880081177,compairr,8204198,1,hamming,64
155,32.83702087402344,symscancli2,8204198,1,hamming,64
156,5.871522903442383,symspell,200405,1,hamming,1
157,0.8045992851257324,xt_neighbor,200405,1,hamming,1
158,0.5038771629333496,compairr,200405,1,hamming,1
159,0.806889533996582,symscancli2,200405,1,hamming,1
160,13.34046196937561,symspell,372338,1,hamming,2
161,1.005418300628662,xt_neighbor,372338,1,hamming,2
162,1.2051327228546143,compairr,372338,1,hamming,2
163,1.509171485900879,symscancli2,372338,1,hamming,2
164,27.175867319107056,symspell,678232,1,hamming,4
165,1.3058061599731445,xt_neighbor,678232,1,hamming,4
166,2.3083250522613525,compairr,678232,1,hamming,4
167,2.4247138500213623,symscancli2,678232,1,hamming,4
168,51.53542757034302,symspell,1225051,1,hamming,8
169,2.1086010932922363,xt_neighbor,1225051,1,hamming,8
170,5.217491149902344,compairr,1225051,1,hamming,8
171,4.020235538482666,symscancli2,1225051,1,hamming,8
172,111.48658752441406,symspell,2224811,1,hamming,16
173,3.3126235008239746,xt_neighbor,2224811,1,hamming,16
174,11.035799026489258,compairr,2224811,1,hamming,16
175,7.735726356506348,symscancli2,2224811,1,hamming,16
176,6.118525743484497,xt_neighbor,4181857,1,hamming,32
177,25.47312569618225,compairr,4181857,1,hamming,32
178,15.278023481369019,symscancli2,4181857,1,hamming,32
179,12.136645317077637,xt_neighbor,8205975,1,hamming,64
180,62.986492395401,compairr,8205975,1,hamming,64
181,31.41685390472412,symscancli2,8205975,1,hamming,64
182,2.888019561767578,symspell,138866,1,hamming,1
183,0.7044179439544678,xt_neighbor,138866,1,hamming,1
184,0.3027384281158447,compairr,138866,1,hamming,1
185,0.6037585735321045,symscancli2,138866,1,hamming,1
186,6.06552791595459,symspell,273235,1,hamming,2
187,0.9057033061981201,xt_neighbor,273235,1,hamming,2
188,0.7040941715240479,compairr,273235,1,hamming,2
189,1.0071702003479004,symscancli2,273235,1,hamming,2
190,15.11356806755066,symspell,432302,1,hamming,4
191,1.1059463024139404,xt_neighbor,432302,1,hamming,4
192,1.306312084197998,compairr,432302,1,hamming,4
193,1.4087514877319336,symscancli2,432302,1,hamming,4
194,48.15086770057678,symspell,1108997,1,hamming,8
195,1.9072444438934326,xt_neighbor,1108997,1,hamming,8
196,4.313411474227905,compairr,1108997,1,hamming,8
197,3.5149741172790527,symscancli2,1108997,1,hamming,8
198,101.51928949356079,symspell,2199851,1,hamming,16
199,3.3114311695098877,xt_neighbor,2199851,1,hamming,16
200,10.433510780334473,compairr,2199851,1,hamming,16
201,7.537606477737427,symscancli2,2199851,1,hamming,16
202,5.919377326965332,xt_neighbor,4153970,1,hamming,32
203,24.67669153213501,compairr,4153970,1,hamming,32
204,14.86259651184082,symscancli2,4153970,1,hamming,32
205,12.032610893249512,xt_neighbor,8366743,1,hamming,64
206,65.29704761505127,compairr,8366743,1,hamming,64
207,32.3194785118103,symscancli2,8366743,1,hamming,64
208,7.7994303703308105,symspell,208062,1,hamming,1
209,0.804816722869873,xt_neighbor,208062,1,hamming,1
210,0.5030896663665771,compairr,208062,1,hamming,1
211,0.8042080402374268,symscancli2,208062,1,hamming,1
212,17.170377492904663,symspell,455677,1,hamming,2
213,1.105668544769287,xt_neighbor,455677,1,hamming,2
214,1.3058743476867676,compairr,455677,1,hamming,2
215,1.4071195125579834,symscancli2,455677,1,hamming,2
216,29.56621551513672,symspell,792061,1,hamming,4
217,1.5064518451690674,xt_neighbor,792061,1,hamming,4
218,2.7110252380371094,compairr,792061,1,hamming,4
219,2.615097999572754,symscancli2,792061,1,hamming,4
220,50.11374521255493,symspell,1196975,1,hamming,8
221,2.0079994201660156,xt_neighbor,1196975,1,hamming,8
222,4.615592956542969,compairr,1196975,1,hamming,8
223,3.819640874862671,symscancli2,1196975,1,hamming,8
224,115.88431477546692,symspell,2302643,1,hamming,16
225,3.4128382205963135,xt_neighbor,2302643,1,hamming,16
226,11.135000467300415,compairr,2302643,1,hamming,16
227,7.944122552871704,symscancli2,2302643,1,hamming,16
228,6.519610643386841,xt_neighbor,4539951,1,hamming,32
229,27.779860258102417,compairr,4539951,1,hamming,32
230,16.061222791671753,symscancli2,4539951,1,hamming,32
231,12.532782077789307,xt_neighbor,8573313,1,hamming,64
232,65.9988660812378,compairr,8573313,1,hamming,64
233,33.025399923324585,symscancli2,8573313,1,hamming,64
234,3.2189764976501465,symspell,147472,1,hamming,1
235,0.7045600414276123,xt_neighbor,147472,1,hamming,1
236,0.3032560348510742,compairr,147472,1,hamming,1
237,0.7039659023284912,symscancli2,147472,1,hamming,1
238,6.646579027175903,symspell,290919,1,hamming,2
239,0.9047529697418213,xt_neighbor,290919,1,hamming,2
240,0.804166316986084,compairr,290919,1,hamming,2
241,1.1083271503448486,symscancli2,290919,1,hamming,2
242,18.219313383102417,symspell,490802,1,hamming,4
243,1.1046993732452393,xt_neighbor,490802,1,hamming,4
244,1.404968500137329,compairr,490802,1,hamming,4
245,1.5098927021026611,symscancli2,490802,1,hamming,4
246,51.6860032081604,symspell,1213841,1,hamming,8
247,2.006946325302124,xt_neighbor,1213841,1,hamming,8
248,4.9160988330841064,compairr,1213841,1,hamming,8
249,4.127213954925537,symscancli2,1213841,1,hamming,8
250,118.66253733634949,symspell,2364481,1,hamming,16
251,3.5113375186920166,xt_neighbor,2364481,1,hamming,16
252,11.634216547012329,compairr,2364481,1,hamming,16
253,8.035485029220581,symscancli2,2364481,1,hamming,16
254,6.320114374160767,xt_neighbor,4379127,1,hamming,32
255,26.77891731262207,compairr,4379127,1,hamming,32
256,16.193145513534546,symscancli2,4379127,1,hamming,32
257,11.833565473556519,xt_neighbor,8061148,1,hamming,64
258,62.588706731796265,compairr,8061148,1,hamming,64
259,31.52197027206421,symscancli2,8061148,1,hamming,64
260,3.4759888648986816,symspell,168471,1,hamming,1
261,0.8046419620513916,xt_neighbor,168471,1,hamming,1
262,0.4044992923736572,compairr,168471,1,hamming,1
263,0.7071382999420166,symscancli2,168471,1,hamming,1
264,5.03623104095459,symspell,234141,1,hamming,2
265,0.8042421340942383,xt_neighbor,234141,1,hamming,2
266,0.503385066986084,compairr,234141,1,hamming,2
267,0.9073357582092285,symscancli2,234141,1,hamming,2
268,22.968934059143066,symspell,596056,1,hamming,4
269,1.3058416843414307,xt_neighbor,596056,1,hamming,4
270,1.9074580669403076,compairr,596056,1,hamming,4
271,2.011619806289673,symscancli2,596056,1,hamming,4
272,45.77857494354248,symspell,1108134,1,hamming,8
273,1.9071831703186035,xt_neighbor,1108134,1,hamming,8
274,4.415565729141235,compairr,1108134,1,hamming,8
275,3.516594171524048,symscancli2,1108134,1,hamming,8
276,102.06781363487244,symspell,2120276,1,hamming,16
277,3.2121238708496094,xt_neighbor,2120276,1,hamming,16
278,10.23255968093872,compairr,2120276,1,hamming,16
279,7.435143947601318,symscancli2,2120276,1,hamming,16
280,6.420412063598633,xt_neighbor,4472714,1,hamming,32
281,28.68868112564087,compairr,4472714,1,hamming,32
282,16.36502456665039,symscancli2,4472714,1,hamming,32
283,12.637677431106567,xt_neighbor,8624085,1,hamming,64
284,71.22295618057251,compairr,8624085,1,hamming,64
285,33.933929204940796,symscancli2,8624085,1,hamming,64
286,4.190179347991943,symspell,146524,1,hamming,1
287,0.7046976089477539,xt_neighbor,146524,1,hamming,1
288,0.3027834892272949,compairr,146524,1,hamming,1
289,0.7036139965057373,symscancli2,146524,1,hamming,1
290,11.80622148513794,symspell,339616,1,hamming,2
291,1.006047248840332,xt_neighbor,339616,1,hamming,2
292,0.9043169021606445,compairr,339616,1,hamming,2
293,1.3078062534332275,symscancli2,339616,1,hamming,2
294,36.16986393928528,symspell,899781,1,hamming,4
295,1.606492519378662,xt_neighbor,899781,1,hamming,4
296,3.211404800415039,compairr,899781,1,hamming,4
297,2.8163444995880127,symscancli2,899781,1,hamming,4
298,65.73459267616272,symspell,1509118,1,hamming,8
299,2.4086599349975586,xt_neighbor,1509118,1,hamming,8
300,6.118964910507202,compairr,1509118,1,hamming,8
301,4.924127101898193,symscancli2,1509118,1,hamming,8
302,126.06976532936096,symspell,2582492,1,hamming,16
303,3.8133952617645264,xt_neighbor,2582492,1,hamming,16
304,13.542594909667969,compairr,2582492,1,hamming,16
305,9.14498496055603,symscancli2,2582492,1,hamming,16
306,7.019416093826294,xt_neighbor,4852935,1,hamming,32
307,30.88912534713745,compairr,4852935,1,hamming,32
308,17.982866764068604,symscancli2,4852935,1,hamming,32
309,12.636098623275757,xt_neighbor,8681153,1,hamming,64
310,68.10779166221619,compairr,8681153,1,hamming,64
311,33.84484910964966,symscancli2,8681153,1,hamming,64
312,4.727958917617798,symspell,195359,1,hamming,1
313,0.804267406463623,xt_neighbor,195359,1,hamming,1
314,0.4028589725494385,compairr,195359,1,hamming,1
315,0.9048824310302734,symscancli2,195359,1,hamming,1
316,10.478988885879517,symspell,297977,1,hamming,2
317,0.9045405387878418,xt_neighbor,297977,1,hamming,2
318,0.7037756443023682,compairr,297977,1,hamming,2
319,1.1088626384735107,symscancli2,297977,1,hamming,2
320,22.113051414489746,symspell,602991,1,hamming,4
321,1.3057224750518799,xt_neighbor,602991,1,hamming,4
322,1.9084055423736572,compairr,602991,1,hamming,4
323,1.9099500179290771,symscancli2,602991,1,hamming,4
324,51.95812797546387,symspell,1211399,1,hamming,8
325,2.007899284362793,xt_neighbor,1211399,1,hamming,8
326,5.0165839195251465,compairr,1211399,1,hamming,8
327,3.9208474159240723,symscancli2,1211399,1,hamming,8
328,114.53777146339417,symspell,2298126,1,hamming,16
329,3.4129860401153564,xt_neighbor,2298126,1,hamming,16
330,11.533915281295776,compairr,2298126,1,hamming,16
331,7.933026552200317,symscancli2,2298126,1,hamming,16
332,6.521355628967285,xt_neighbor,4535201,1,hamming,32
333,29.491760730743408,compairr,4535201,1,hamming,32
334,16.46537470817566,symscancli2,4535201,1,hamming,32
335,12.738727569580078,xt_neighbor,8635875,1,hamming,64
336,71.51687526702881,compairr,8635875,1,hamming,64
337,34.73530697822571,symscancli2,8635875,1,hamming,64
338,10.233092308044434,symspell,294471,1,hamming,1
339,0.904517650604248,xt_neighbor,294471,1,hamming,1
340,0.8037083148956299,compairr,294471,1,hamming,1
341,1.207376480102539,symscancli2,294471,1,hamming,1
342,17.081113576889038,symspell,437324,1,hamming,2
343,1.1059670448303223,xt_neighbor,437324,1,hamming,2
344,1.305666446685791,compairr,437324,1,hamming,2
345,1.407987117767334,symscancli2,437324,1,hamming,2
346,34.40406084060669,symspell,862698,1,hamming,4
347,1.6068346500396729,xt_neighbor,862698,1,hamming,4
348,3.110337018966675,compairr,862698,1,hamming,4
349,2.717386484146118,symscancli2,862698,1,hamming,4
350,64.09788012504578,symspell,1438534,1,hamming,8
351,2.309159994125366,xt_neighbor,1438534,1,hamming,8
352,6.723034620285034,compairr,1438534,1,hamming,8
353,4.82411003112793,symscancli2,1438534,1,hamming,8
354,123.4033432006836,symspell,2581152,1,hamming,16
355,3.8137896060943604,xt_neighbor,2581152,1,hamming,16
356,13.53840446472168,compairr,2581152,1,hamming,16
357,9.04075002670288,symscancli2,2581152,1,hamming,16
358,6.620317459106445,xt_neighbor,4613666,1,hamming,32
359,28.386892557144165,compairr,4613666,1,hamming,32
360,16.87231945991516,symscancli2,4613666,1,hamming,32
361,12.635895490646362,xt_neighbor,8560929,1,hamming,64
362,68.90421199798584,compairr,8560929,1,hamming,64
363,33.530245542526245,symscancli2,8560929,1,hamming,64
364,6.397897958755493,symspell,195235,1,hamming,1
365,0.8045511245727539,xt_neighbor,195235,1,hamming,1
366,0.5033454895019531,compairr,195235,1,hamming,1
367,0.9064083099365234,symscancli2,195235,1,hamming,1
368,15.6581130027771,symspell,422305,1,hamming,2
369,1.00541090965271,xt_neighbor,422305,1,hamming,2
370,1.3050823211669922,compairr,422305,1,hamming,2
371,1.405630350112915,symscancli2,422305,1,hamming,2
372,25.822254180908203,symspell,654820,1,hamming,4
373,1.4069490432739258,xt_neighbor,654820,1,hamming,4
374,2.3081936836242676,compairr,654820,1,hamming,4
375,2.312124729156494,symscancli2,654820,1,hamming,4
376,50.3890905380249,symspell,1172417,1,hamming,8
377,2.0080325603485107,xt_neighbor,1172417,1,hamming,8
378,4.6153223514556885,compairr,1172417,1,hamming,8
379,3.8172390460968018,symscancli2,1172417,1,hamming,8
380,107.6962513923645,symspell,2172475,1,hamming,16
381,3.3112905025482178,xt_neighbor,2172475,1,hamming,16
382,10.433467864990234,compairr,2172475,1,hamming,16
383,7.5323591232299805,symscancli2,2172475,1,hamming,16
384,6.017486810684204,xt_neighbor,4191496,1,hamming,32
385,25.477476358413696,compairr,4191496,1,hamming,32
386,15.562926769256592,symscancli2,4191496,1,hamming,32
387,11.833503007888794,xt_neighbor,8103786,1,hamming,64
388,62.585169076919556,compairr,8103786,1,hamming,64
389,31.427499294281006,symscancli2,8103786,1,hamming,64
390,2.462897539138794,symspell,125082,1,hamming,1
391,0.7044310569763184,xt_neighbor,125082,1,hamming,1
392,0.30272817611694336,compairr,125082,1,hamming,1
393,0.6043775081634521,symscancli2,125082,1,hamming,1
394,8.034186363220215,symspell,269600,1,hamming,2
395,0.904712438583374,xt_neighbor,269600,1,hamming,2
396,0.7038116455078125,compairr,269600,1,hamming,2
397,1.0055642127990723,symscancli2,269600,1,hamming,2
398,17.080605268478394,symspell,455806,1,hamming,4
399,1.1057853698730469,xt_neighbor,455806,1,hamming,4
400,1.3058905601501465,compairr,455806,1,hamming,4
401,1.4064571857452393,symscancli2,455806,1,hamming,4
402,48.261924743652344,symspell,1134660,1,hamming,8
403,2.0087976455688477,xt_neighbor,1134660,1,hamming,8
404,4.513945579528809,compairr,1134660,1,hamming,8
405,3.6237740516662598,symscancli2,1134660,1,hamming,8
406,113.47963237762451,symspell,2284733,1,hamming,16
407,3.4110658168792725,xt_neighbor,2284733,1,hamming,16
408,11.0346097946167,compairr,2284733,1,hamming,16
409,8.035342931747437,symscancli2,2284733,1,hamming,16
410,6.317812919616699,xt_neighbor,4364176,1,hamming,32
411,26.378374099731445,compairr,4364176,1,hamming,32
412,15.65792441368103,symscancli2,4364176,1,hamming,32
413,11.933021783828735,xt_neighbor,8216408,1,hamming,64
414,63.27745699882507,compairr,8216408,1,hamming,64
415,31.751200675964355,symscancli2,8216408,1,hamming,64
416,4.1761908531188965,symspell,195235,1,hamming,1
417,0.8047671318054199,xt_neighbor,195235,1,hamming,1
418,0.5028133392333984,compairr,195235,1,hamming,1
419,0.9046645164489746,symscancli2,195235,1,hamming,1
420,8.921836137771606,symspell,354176,1,hamming,2
421,1.0051536560058594,xt_neighbor,354176,1,hamming,2
422,0.904430627822876,compairr,354176,1,hamming,2
423,1.5092670917510986,symscancli2,354176,1,hamming,2
424,22.924185276031494,symspell,588677,1,hamming,4
425,1.2051026821136475,xt_neighbor,588677,1,hamming,4
426,1.8073174953460693,compairr,588677,1,hamming,4
427,2.112025022506714,symscancli2,588677,1,hamming,4
428,57.13206958770752,symspell,1347061,1,hamming,8
429,2.2072319984436035,xt_neighbor,1347061,1,hamming,8
430,5.618297815322876,compairr,1347061,1,hamming,8
431,4.6267359256744385,symscancli2,1347061,1,hamming,8
432,136.76878929138184,symspell,2637173,1,hamming,16
433,3.912475347518921,xt_neighbor,2637173,1,hamming,16
434,13.640991687774658,compairr,2637173,1,hamming,16
435,9.259814500808716,symscancli2,2637173,1,hamming,16
436,6.620452404022217,xt_neighbor,4559171,1,hamming,32
437,28.07997751235962,compairr,4559171,1,hamming,32
438,16.696330785751343,symscancli2,4559171,1,hamming,32
439,12.2345609664917,xt_neighbor,8403515,1,hamming,64
440,64.99362230300903,compairr,8403515,1,hamming,64
441,32.423163175582886,symscancli2,8403515,1,hamming,64
442,6.247452259063721,symspell,279828,1,hamming,1
443,0.9043025970458984,xt_neighbor,279828,1,hamming,1
444,0.7036857604980469,compairr,279828,1,hamming,1
445,1.0087077617645264,symscancli2,279828,1,hamming,1
446,17.701637268066406,symspell,560846,1,hamming,2
447,1.205702304840088,xt_neighbor,560846,1,hamming,2
448,1.7073497772216797,compairr,560846,1,hamming,2
449,1.8115110397338867,symscancli2,560846,1,hamming,2
450,31.22629189491272,symspell,806390,1,hamming,4
451,1.5064525604248047,xt_neighbor,806390,1,hamming,4
452,2.710016965866089,compairr,806390,1,hamming,4
453,2.6132614612579346,symscancli2,806390,1,hamming,4
454,60.40159487724304,symspell,1440161,1,hamming,8
455,2.3083572387695312,xt_neighbor,1440161,1,hamming,8
456,6.220649719238281,compairr,1440161,1,hamming,8
457,4.840127229690552,symscancli2,1440161,1,hamming,8
458,129.54465460777283,symspell,2580811,1,hamming,16
459,3.812264919281006,xt_neighbor,2580811,1,hamming,16
460,13.441240787506104,compairr,2580811,1,hamming,16
461,9.036089658737183,symscancli2,2580811,1,hamming,16
462,6.519192218780518,xt_neighbor,4468986,1,hamming,32
463,27.983283281326294,compairr,4468986,1,hamming,32
464,16.77309012413025,symscancli2,4468986,1,hamming,32
465,12.43748927116394,xt_neighbor,8399544,1,hamming,64
466,67.19479560852051,compairr,8399544,1,hamming,64
467,33.03163123130798,symscancli2,8399544,1,hamming,64
468,1.690664291381836,symspell,89714,1,hamming,1
469,0.7039344310760498,xt_neighbor,89714,1,hamming,1
470,0.20241022109985352,compairr,89714,1,hamming,1
471,0.40536069869995117,symscancli2,89714,1,hamming,1
472,13.36872124671936,symspell,353342,1,hamming,2
473,1.0055081844329834,xt_neighbor,353342,1,hamming,2
474,1.0045325756072998,compairr,353342,1,hamming,2
475,1.408402442932129,symscancli2,353342,1,hamming,2
476,29.0888352394104,symspell,746789,1,hamming,4
477,1.4062857627868652,xt_neighbor,746789,1,hamming,4
478,2.6090290546417236,compairr,746789,1,hamming,4
479,2.509915590286255,symscancli2,746789,1,hamming,4
480,58.45081877708435,symspell,1300965,1,hamming,8
481,2.108102321624756,xt_neighbor,1300965,1,hamming,8
482,5.516371726989746,compairr,1300965,1,hamming,8
483,4.419436693191528,symscancli2,1300965,1,hamming,8
484,129.9434998035431,symspell,2634076,1,hamming,16
485,3.9130468368530273,xt_neighbor,2634076,1,hamming,16
486,13.843063592910767,compairr,2634076,1,hamming,16
487,9.240128517150879,symscancli2,2634076,1,hamming,16
488,6.819830894470215,xt_neighbor,4691046,1,hamming,32
489,29.382782697677612,compairr,4691046,1,hamming,32
490,16.863950729370117,symscancli2,4691046,1,hamming,32
491,12.433814764022827,xt_neighbor,8473319,1,hamming,64
492,66.28803133964539,compairr,8473319,1,hamming,64
493,32.81950569152832,symscancli2,8473319,1,hamming,64
494,1.1509084701538086,symspell,60584,1,hamming,1
495,0.6036241054534912,xt_neighbor,60584,1,hamming,1
496,0.20235824584960938,compairr,60584,1,hamming,1
497,0.3030426502227783,symscancli2,60584,1,hamming,1
498,7.84574556350708,symspell,307330,1,hamming,2
499,0.9056446552276611,xt_neighbor,307330,1,hamming,2
500,0.8042492866516113,compairr,307330,1,hamming,2
501,1.2070746421813965,symscancli2,307330,1,hamming,2
502,27.495815992355347,symspell,694558,1,hamming,4
503,1.4065451622009277,xt_neighbor,694558,1,hamming,4
504,2.3084044456481934,compairr,694558,1,hamming,4
505,2.413072347640991,symscancli2,694558,1,hamming,4
506,57.70098686218262,symspell,1309374,1,hamming,8
507,2.108738899230957,xt_neighbor,1309374,1,hamming,8
508,5.518808126449585,compairr,1309374,1,hamming,8
509,4.220834255218506,symscancli2,1309374,1,hamming,8
510,122.32210779190063,symspell,2571899,1,hamming,16
511,3.811462163925171,xt_neighbor,2571899,1,hamming,16
512,13.242194652557373,compairr,2571899,1,hamming,16
513,8.842296361923218,symscancli2,2571899,1,hamming,16
514,6.720530271530151,xt_neighbor,4666962,1,hamming,32
515,29.18592143058777,compairr,4666962,1,hamming,32
516,16.970536947250366,symscancli2,4666962,1,hamming,32
517,13.537105560302734,xt_neighbor,9200956,1,hamming,64
518,74.21854496002197,compairr,9200956,1,hamming,64
519,35.93043279647827,symscancli2,9200956,1,hamming,64
520,9.192707300186157,symspell,241817,2,hamming,1
521,2.309230089187622,xt_neighbor,241817,2,hamming,1
522,53.4381422996521,compairr,241817,2,hamming,1
523,5.7254064083099365,symscancli2,241817,2,hamming,1
524,14.82698369026184,symspell,397596,2,hamming,2
525,3.9133989810943604,xt_neighbor,397596,2,hamming,2
526,95.64731431007385,compairr,397596,2,hamming,2
527,9.03225302696228,symscancli2,397596,2,hamming,2
528,28.105084657669067,symspell,723111,2,hamming,4
529,7.621014595031738,xt_neighbor,723111,2,hamming,4
530,207.54933261871338,compairr,723111,2,hamming,4
531,17.3657808303833,symscancli2,723111,2,hamming,4
532,67.00884819030762,symspell,1443770,2,hamming,8
533,18.65294599533081,xt_neighbor,1443770,2,hamming,8
534,504.85709142684937,compairr,1443770,2,hamming,8
535,39.856754302978516,symscancli2,1443770,2,hamming,8
536,127.18005871772766,symspell,2473073,2,hamming,16
537,38.504844427108765,xt_neighbor,2473073,2,hamming,16
538,859.9661240577698,compairr,2473073,2,hamming,16
539,76.17241859436035,symscancli2,2473073,2,hamming,16
540,99.84625363349915,xt_neighbor,4595236,2,hamming,32
541,170.93897128105164,symscancli2,4595236,2,hamming,32
542,5.586801290512085,symspell,251590,2,hamming,1
543,2.408597946166992,xt_neighbor,251590,2,hamming,1
544,56.94667196273804,compairr,251590,2,hamming,1
545,6.027772903442383,symscancli2,251590,2,hamming,1
546,16.07466197013855,symspell,462523,2,hamming,2
547,4.514827728271484,xt_neighbor,462523,2,hamming,2
548,116.4203233718872,compairr,462523,2,hamming,2
549,9.84551739692688,symscancli2,462523,2,hamming,2
550,31.725622415542603,symspell,778921,2,hamming,4
551,8.224364519119263,xt_neighbor,778921,2,hamming,4
552,208.2449333667755,compairr,778921,2,hamming,4
553,18.465540885925293,symscancli2,778921,2,hamming,4
554,55.59963846206665,symspell,1308916,2,hamming,8
555,15.947317838668823,xt_neighbor,1308916,2,hamming,8
556,416.90303111076355,compairr,1308916,2,hamming,8
557,34.34618592262268,symscancli2,1308916,2,hamming,8
558,130.58763551712036,symspell,2623852,2,hamming,16
559,41.00462794303894,xt_neighbor,2623852,2,hamming,16
560,932.7638313770294,compairr,2623852,2,hamming,16
561,84.41426467895508,symscancli2,2623852,2,hamming,16
562,94.62935042381287,xt_neighbor,4655821,2,hamming,32
563,171.84369897842407,symscancli2,4655821,2,hamming,32
564,1.5628418922424316,symspell,66527,2,hamming,1
565,0.9045102596282959,xt_neighbor,66527,2,hamming,1
566,10.926401615142822,compairr,66527,2,hamming,1
567,1.6086511611938477,symscancli2,66527,2,hamming,1
568,5.3110761642456055,symspell,154429,2,hamming,2
569,1.6070611476898193,xt_neighbor,154429,2,hamming,2
570,30.08463168144226,compairr,154429,2,hamming,2
571,3.9152956008911133,symscancli2,154429,2,hamming,2
572,29.30448293685913,symspell,722278,2,hamming,4
573,7.722555637359619,xt_neighbor,722278,2,hamming,4
574,211.74133133888245,compairr,722278,2,hamming,4
575,17.358450889587402,symscancli2,722278,2,hamming,4
576,60.66592717170715,symspell,1311420,2,hamming,8
577,16.643550395965576,xt_neighbor,1311420,2,hamming,8
578,418.8928060531616,compairr,1311420,2,hamming,8
579,35.43933963775635,symscancli2,1311420,2,hamming,8
580,126.67127895355225,symspell,2588661,2,hamming,16
581,40.80621361732483,xt_neighbor,2588661,2,hamming,16
582,936.1323156356812,compairr,2588661,2,hamming,16
583,79.6803834438324,symscancli2,2588661,2,hamming,16
584,85.91802883148193,xt_neighbor,4369974,2,hamming,32
585,154.91438746452332,symscancli2,4369974,2,hamming,32
586,6.755527973175049,symspell,197663,2,hamming,1
587,1.9072527885437012,xt_neighbor,197663,2,hamming,1
588,41.49085974693298,compairr,197663,2,hamming,1
589,5.3236894607543945,symscancli2,197663,2,hamming,1
590,13.217681884765625,symspell,365079,2,hamming,2
591,3.411736488342285,xt_neighbor,365079,2,hamming,2
592,91.21900153160095,compairr,365079,2,hamming,2
593,8.5322744846344,symscancli2,365079,2,hamming,2
594,27.66409158706665,symspell,662710,2,hamming,4
595,6.920337915420532,xt_neighbor,662710,2,hamming,4
596,183.2570674419403,compairr,662710,2,hamming,4
597,14.854860782623291,symscancli2,662710,2,hamming,4
598,62.98105978965759,symspell,1423719,2,hamming,8
599,17.948031187057495,xt_neighbor,1423719,2,hamming,8
600,470.90853786468506,compairr,1423719,2,hamming,8
601,37.43626046180725,symscancli2,1423719,2,hamming,8
602,114.58015489578247,symspell,2381475,2,hamming,16
603,35.48755621910095,xt_neighbor,2381475,2,hamming,16
604,811.6153936386108,compairr,2381475,2,hamming,16
605,72.65640616416931,symscancli2,2381475,2,hamming,16
606,86.81984090805054,xt_neighbor,4380561,2,hamming,32
607,156.17906093597412,symscancli2,4380561,2,hamming,32
608,6.299316644668579,symspell,275143,2,hamming,1
609,2.609102725982666,xt_neighbor,275143,2,hamming,1
610,63.05560898780823,compairr,275143,2,hamming,1
611,6.425155401229858,symscancli2,275143,2,hamming,1
612,14.898809909820557,symspell,407666,2,hamming,2
613,4.012801170349121,xt_neighbor,407666,2,hamming,2
614,99.34270024299622,compairr,407666,2,hamming,2
615,8.733989477157593,symscancli2,407666,2,hamming,2
616,23.03215265274048,symspell,609902,2,hamming,4
617,6.317653179168701,xt_neighbor,609902,2,hamming,4
618,163.6085228919983,compairr,609902,2,hamming,4
619,14.155810356140137,symscancli2,609902,2,hamming,4
620,46.72407269477844,symspell,1042508,2,hamming,8
621,12.131271839141846,xt_neighbor,1042508,2,hamming,8
622,294.7006940841675,compairr,1042508,2,hamming,8
623,25.693790435791016,symscancli2,1042508,2,hamming,8
624,105.02943539619446,symspell,2210476,2,hamming,16
625,31.777939796447754,xt_neighbor,2210476,2,hamming,16
626,717.8810203075409,compairr,2210476,2,hamming,16
627,64.74712038040161,symscancli2,2210476,2,hamming,16
628,80.99860429763794,xt_neighbor,4218004,2,hamming,32
629,148.20602369308472,symscancli2,4218004,2,hamming,32
630,5.56703519821167,symspell,186332,2,hamming,1
631,1.8073537349700928,xt_neighbor,186332,2,hamming,1
632,39.78904724121094,compairr,186332,2,hamming,1
633,4.819091796875,symscancli2,186332,2,hamming,1
634,14.0424485206604,symspell,381531,2,hamming,2
635,3.6106455326080322,xt_neighbor,381531,2,hamming,2
636,90.90669655799866,compairr,381531,2,hamming,2
637,9.03356122970581,symscancli2,381531,2,hamming,2
638,25.334352731704712,symspell,636908,2,hamming,4
639,6.5190589427948,xt_neighbor,636908,2,hamming,4
640,173.42416143417358,compairr,636908,2,hamming,4
641,14.251962900161743,symscancli2,636908,2,hamming,4
642,58.905380964279175,symspell,1350830,2,hamming,8
643,16.747296571731567,xt_neighbor,1350830,2,hamming,8
644,431.7029438018799,compairr,1350830,2,hamming,8
645,35.841135025024414,symscancli2,1350830,2,hamming,8
646,127.21068954467773,symspell,2504289,2,hamming,16
647,38.499449253082275,xt_neighbor,2504289,2,hamming,16
648,863.4497501850128,compairr,2504289,2,hamming,16
649,76.29792904853821,symscancli2,2504289,2,hamming,16
650,85.50246286392212,xt_neighbor,4332597,2,hamming,32
651,155.9892816543579,symscancli2,4332597,2,hamming,32
652,4.435421705245972,symspell,200405,2,hamming,1
653,2.0076897144317627,xt_neighbor,200405,2,hamming,1
654,44.60148644447327,compairr,200405,2,hamming,1
655,4.519687652587891,symscancli2,200405,2,hamming,1
656,11.563371658325195,symspell,372338,2,hamming,2
657,3.6112771034240723,xt_neighbor,372338,2,hamming,2
658,89.4083411693573,compairr,372338,2,hamming,2
659,8.650460958480835,symscancli2,372338,2,hamming,2
660,26.884167194366455,symspell,678232,2,hamming,4
661,7.119357585906982,xt_neighbor,678232,2,hamming,4
662,187.3509006500244,compairr,678232,2,hamming,4
663,15.854841470718384,symscancli2,678232,2,hamming,4
664,51.12895727157593,symspell,1225051,2,hamming,8
665,14.739263534545898,xt_neighbor,1225051,2,hamming,8
666,373.05900025367737,compairr,1225051,2,hamming,8
667,31.515201568603516,symscancli2,1225051,2,hamming,8
668,110.7996506690979,symspell,2224811,2,hamming,16
669,32.77994656562805,xt_neighbor,2224811,2,hamming,16
670,725.5577075481415,compairr,2224811,2,hamming,16
671,66.43715238571167,symscancli2,2224811,2,hamming,16
672,80.89387345314026,xt_neighbor,4181857,2,hamming,32
673,149.09020328521729,symscancli2,4181857,2,hamming,32
674,2.761592388153076,symspell,138866,2,hamming,1
675,1.5063910484313965,xt_neighbor,138866,2,hamming,1
676,26.471219778060913,compairr,138866,2,hamming,1
677,3.6152753829956055,symscancli2,138866,2,hamming,1
678,10.655429124832153,symspell,273235,2,hamming,2
679,2.608823537826538,xt_neighbor,273235,2,hamming,2
680,62.45111918449402,compairr,273235,2,hamming,2
681,6.22310996055603,symscancli2,273235,2,hamming,2
682,16.195147275924683,symspell,432302,2,hamming,4
683,4.211939573287964,xt_neighbor,432302,2,hamming,4
684,105.96934604644775,compairr,432302,2,hamming,4
685,9.031654119491577,symscancli2,432302,2,hamming,4
686,48.18997025489807,symspell,1108997,2,hamming,8
687,12.935580968856812,xt_neighbor,1108997,2,hamming,8
688,322.9290132522583,compairr,1108997,2,hamming,8
689,28.31437087059021,symscancli2,1108997,2,hamming,8
690,106.27468729019165,symspell,2199851,2,hamming,16
691,31.679967164993286,xt_neighbor,2199851,2,hamming,16
692,711.9318878650665,compairr,2199851,2,hamming,16
693,64.74667191505432,symscancli2,2199851,2,hamming,16
694,78.18704462051392,xt_neighbor,4153970,2,hamming,32
695,144.7254137992859,symscancli2,4153970,2,hamming,32
696,5.812739849090576,symspell,208062,2,hamming,1
697,2.0079169273376465,xt_neighbor,208062,2,hamming,1
698,44.406895875930786,compairr,208062,2,hamming,1
699,4.517756700515747,symscancli2,208062,2,hamming,1
700,17.728091716766357,symspell,455677,2,hamming,2
701,4.413209676742554,xt_neighbor,455677,2,hamming,2
702,111.2592248916626,compairr,455677,2,hamming,2
703,9.438061237335205,symscancli2,455677,2,hamming,2
704,32.07988905906677,symspell,792061,2,hamming,4
705,8.324792385101318,xt_neighbor,792061,2,hamming,4
706,210.08651185035706,compairr,792061,2,hamming,4
707,18.66934871673584,symscancli2,792061,2,hamming,4
708,50.92115592956543,symspell,1196975,2,hamming,8
709,14.241637229919434,xt_neighbor,1196975,2,hamming,8
710,363.39860010147095,compairr,1196975,2,hamming,8
711,30.744568824768066,symscancli2,1196975,2,hamming,8
712,118.87614107131958,symspell,2302643,2,hamming,16
713,34.19497537612915,xt_neighbor,2302643,2,hamming,16
714,772.2898342609406,compairr,2302643,2,hamming,16
715,70.16718411445618,symscancli2,2302643,2,hamming,16
716,93.6624915599823,xt_neighbor,4539951,2,hamming,32
717,176.32470202445984,symscancli2,4539951,2,hamming,32
718,2.972088098526001,symspell,147472,2,hamming,1
719,1.5064074993133545,xt_neighbor,147472,2,hamming,1
720,29.07701563835144,compairr,147472,2,hamming,1
721,3.816037178039551,symscancli2,147472,2,hamming,1
722,7.8588502407073975,symspell,290919,2,hamming,2
723,2.8097033500671387,xt_neighbor,290919,2,hamming,2
724,67.86361598968506,compairr,290919,2,hamming,2
725,6.8256402015686035,symscancli2,290919,2,hamming,2
726,21.518293857574463,symspell,490802,2,hamming,4
727,4.915358781814575,xt_neighbor,490802,2,hamming,4
728,133.6756181716919,compairr,490802,2,hamming,4
729,11.561772346496582,symscancli2,490802,2,hamming,4
730,58.520320653915405,symspell,1213841,2,hamming,8
731,14.84256100654602,xt_neighbor,1213841,2,hamming,8
732,377.63314962387085,compairr,1213841,2,hamming,8
733,31.824928283691406,symscancli2,1213841,2,hamming,8
734,114.50573563575745,symspell,2364481,2,hamming,16
735,35.591644525527954,xt_neighbor,2364481,2,hamming,16
736,807.5989203453064,compairr,2364481,2,hamming,16
737,71.4445378780365,symscancli2,2364481,2,hamming,16
738,87.21895861625671,xt_neighbor,4379127,2,hamming,32
739,156.84657549858093,symscancli2,4379127,2,hamming,32
740,6.3041605949401855,symspell,168471,2,hamming,1
741,1.7062675952911377,xt_neighbor,168471,2,hamming,1
742,33.98103165626526,compairr,168471,2,hamming,1
743,4.317643642425537,symscancli2,168471,2,hamming,1
744,8.66549301147461,symspell,234141,2,hamming,2
745,2.2080729007720947,xt_neighbor,234141,2,hamming,2
746,51.029016971588135,compairr,234141,2,hamming,2
747,5.118054628372192,symscancli2,234141,2,hamming,2
748,23.75889539718628,symspell,596056,2,hamming,4
749,6.019009113311768,xt_neighbor,596056,2,hamming,4
750,160.22785210609436,compairr,596056,2,hamming,4
751,13.951250791549683,symscancli2,596056,2,hamming,4
752,51.003435373306274,symspell,1108134,2,hamming,8
753,13.141567468643188,xt_neighbor,1108134,2,hamming,8
754,332.1096339225769,compairr,1108134,2,hamming,8
755,29.017295122146606,symscancli2,1108134,2,hamming,8
756,115.07387804985046,symspell,2120276,2,hamming,16
757,30.793979167938232,xt_neighbor,2120276,2,hamming,16
758,715.7226023674011,compairr,2120276,2,hamming,16
759,63.15403509140015,symscancli2,2120276,2,hamming,16
760,88.75061893463135,xt_neighbor,4472714,2,hamming,32
761,163.02836775779724,symscancli2,4472714,2,hamming,32
762,3.1440606117248535,symspell,146524,2,hamming,1
763,1.5068507194519043,xt_neighbor,146524,2,hamming,1
764,30.889166593551636,compairr,146524,2,hamming,1
765,4.015930652618408,symscancli2,146524,2,hamming,1
766,9.687297821044922,symspell,339616,2,hamming,2
767,3.312572479248047,xt_neighbor,339616,2,hamming,2
768,88.96196389198303,compairr,339616,2,hamming,2
769,8.23107647895813,symscancli2,339616,2,hamming,2
770,37.70758414268494,symspell,899781,2,hamming,4
771,10.234353065490723,xt_neighbor,899781,2,hamming,4
772,247.84109497070312,compairr,899781,2,hamming,4
773,21.99653959274292,symscancli2,899781,2,hamming,4
774,73.00817394256592,symspell,1509118,2,hamming,8
775,19.25780725479126,xt_neighbor,1509118,2,hamming,8
776,455.4403483867645,compairr,1509118,2,hamming,8
777,41.06114101409912,symscancli2,1509118,2,hamming,8
778,136.16287755966187,symspell,2582492,2,hamming,16
779,40.41556763648987,xt_neighbor,2582492,2,hamming,16
780,953.1129341125488,compairr,2582492,2,hamming,16
781,81.40336203575134,symscancli2,2582492,2,hamming,16
782,101.79304718971252,xt_neighbor,4852935,2,hamming,32
783,182.9139425754547,symscancli2,4852935,2,hamming,32
784,4.3621625900268555,symspell,195359,2,hamming,1
785,1.908508539199829,xt_neighbor,195359,2,hamming,1
786,43.629939556121826,compairr,195359,2,hamming,1
787,5.227898120880127,symscancli2,195359,2,hamming,1
788,9.545584917068481,symspell,297977,2,hamming,2
789,2.810713768005371,xt_neighbor,297977,2,hamming,2
790,69.0580997467041,compairr,297977,2,hamming,2
791,6.727292776107788,symscancli2,297977,2,hamming,2
792,24.965298652648926,symspell,602991,2,hamming,4
793,6.017680883407593,xt_neighbor,602991,2,hamming,4
794,158.0721092224121,compairr,602991,2,hamming,4
795,13.142630338668823,symscancli2,602991,2,hamming,4
796,52.40779185295105,symspell,1211399,2,hamming,8
797,14.437728643417358,xt_neighbor,1211399,2,hamming,8
798,359.06687569618225,compairr,1211399,2,hamming,8
799,30.701804161071777,symscancli2,1211399,2,hamming,8
800,114.90687346458435,symspell,2298126,2,hamming,16
801,33.68317103385925,xt_neighbor,2298126,2,hamming,16
802,763.1986980438232,compairr,2298126,2,hamming,16
803,68.44039702415466,symscancli2,2298126,2,hamming,16
804,90.52227449417114,xt_neighbor,4535201,2,hamming,32
805,164.8117332458496,symscancli2,4535201,2,hamming,32
806,6.806217908859253,symspell,294471,2,hamming,1
807,2.810199022293091,xt_neighbor,294471,2,hamming,1
808,68.38557291030884,compairr,294471,2,hamming,1
809,6.5268168449401855,symscancli2,294471,2,hamming,1
810,13.471436262130737,symspell,437324,2,hamming,2
811,4.212059736251831,xt_neighbor,437324,2,hamming,2
812,106.04038548469543,compairr,437324,2,hamming,2
813,9.034449100494385,symscancli2,437324,2,hamming,2
814,35.627768754959106,symspell,862698,2,hamming,4
815,9.12793231010437,xt_neighbor,862698,2,hamming,4
816,232.9806776046753,compairr,862698,2,hamming,4
817,20.315603017807007,symscancli2,862698,2,hamming,4
818,68.2816379070282,symspell,1438534,2,hamming,8
819,17.95301604270935,xt_neighbor,1438534,2,hamming,8
820,509.8800480365753,compairr,1438534,2,hamming,8
821,39.38603329658508,symscancli2,1438534,2,hamming,8
822,131.14786338806152,symspell,2581152,2,hamming,16
823,39.9158661365509,xt_neighbor,2581152,2,hamming,16
824,951.5525569915771,compairr,2581152,2,hamming,16
825,81.21098113059998,symscancli2,2581152,2,hamming,16
826,92.76622176170349,xt_neighbor,4613666,2,hamming,32
827,170.50618696212769,symscancli2,4613666,2,hamming,32
828,6.597413778305054,symspell,195235,2,hamming,1
829,2.0086734294891357,xt_neighbor,195235,2,hamming,1
830,43.125157833099365,compairr,195235,2,hamming,1
831,5.119521379470825,symscancli2,195235,2,hamming,1
832,17.6883761882782,symspell,422305,2,hamming,2
833,4.316082239151001,xt_neighbor,422305,2,hamming,2
834,105.10031723976135,compairr,422305,2,hamming,2
835,9.137521028518677,symscancli2,422305,2,hamming,2
836,27.368197202682495,symspell,654820,2,hamming,4
837,6.921837091445923,xt_neighbor,654820,2,hamming,4
838,191.0694396495819,compairr,654820,2,hamming,4
839,15.057750225067139,symscancli2,654820,2,hamming,4
840,55.08017015457153,symspell,1172417,2,hamming,8
841,14.14309549331665,xt_neighbor,1172417,2,hamming,8
842,358.23758602142334,compairr,1172417,2,hamming,8
843,30.420029878616333,symscancli2,1172417,2,hamming,8
844,106.26017022132874,symspell,2172475,2,hamming,16
845,31.67538547515869,xt_neighbor,2172475,2,hamming,16
846,697.1988832950592,compairr,2172475,2,hamming,16
847,65.22859334945679,symscancli2,2172475,2,hamming,16
848,82.10544228553772,xt_neighbor,4191496,2,hamming,32
849,151.35004472732544,symscancli2,4191496,2,hamming,32
850,3.0431299209594727,symspell,125082,2,hamming,1
851,1.4063186645507812,xt_neighbor,125082,2,hamming,1
852,22.151806831359863,compairr,125082,2,hamming,1
853,3.113032817840576,symscancli2,125082,2,hamming,1
854,10.583225011825562,symspell,269600,2,hamming,2
855,2.6094722747802734,xt_neighbor,269600,2,hamming,2
856,60.34394931793213,compairr,269600,2,hamming,2
857,6.422441005706787,symscancli2,269600,2,hamming,2
858,17.570562839508057,symspell,455806,2,hamming,4
859,4.515281677246094,xt_neighbor,455806,2,hamming,4
860,115.7947006225586,compairr,455806,2,hamming,4
861,10.037804126739502,symscancli2,455806,2,hamming,4
862,51.95485806465149,symspell,1134660,2,hamming,8
863,13.237463235855103,xt_neighbor,1134660,2,hamming,8
864,327.8087275028229,compairr,1134660,2,hamming,8
865,27.99685001373291,symscancli2,1134660,2,hamming,8
866,114.53096389770508,symspell,2284733,2,hamming,16
867,33.18833827972412,xt_neighbor,2284733,2,hamming,16
868,752.5428159236908,compairr,2284733,2,hamming,16
869,69.05288457870483,symscancli2,2284733,2,hamming,16
870,85.22642016410828,xt_neighbor,4364176,2,hamming,32
871,154.5564830303192,symscancli2,4364176,2,hamming,32
872,4.054305076599121,symspell,195235,2,hamming,1
873,1.9076097011566162,xt_neighbor,195235,2,hamming,1
874,41.80622887611389,compairr,195235,2,hamming,1
875,5.019680976867676,symscancli2,195235,2,hamming,1
876,9.243035793304443,symspell,354176,2,hamming,2
877,3.3105809688568115,xt_neighbor,354176,2,hamming,2
878,86.09773683547974,compairr,354176,2,hamming,2
879,8.432464122772217,symscancli2,354176,2,hamming,2
880,22.254096031188965,symspell,588677,2,hamming,4
881,6.018737554550171,xt_neighbor,588677,2,hamming,4
882,154.68704056739807,compairr,588677,2,hamming,4
883,13.047255039215088,symscancli2,588677,2,hamming,4
884,58.92941188812256,symspell,1347061,2,hamming,8
885,16.740967750549316,xt_neighbor,1347061,2,hamming,8
886,426.7656183242798,compairr,1347061,2,hamming,8
887,36.0377459526062,symscancli2,1347061,2,hamming,8
888,136.9778196811676,symspell,2637173,2,hamming,16
889,41.80218195915222,xt_neighbor,2637173,2,hamming,16
890,937.7553815841675,compairr,2637173,2,hamming,16
891,81.08790111541748,symscancli2,2637173,2,hamming,16
892,92.73908424377441,xt_neighbor,4559171,2,hamming,32
893,165.00999283790588,symscancli2,4559171,2,hamming,32
894,6.30843186378479,symspell,279828,2,hamming,1
895,2.6089720726013184,xt_neighbor,279828,2,hamming,1
896,64.84996747970581,compairr,279828,2,hamming,1
897,6.229101896286011,symscancli2,279828,2,hamming,1
898,19.68693447113037,symspell,560846,2,hamming,2
899,5.516789436340332,xt_neighbor,560846,2,hamming,2
900,146.65762948989868,compairr,560846,2,hamming,2
901,12.465337991714478,symscancli2,560846,2,hamming,2
902,34.445356130599976,symspell,806390,2,hamming,4
903,8.624252796173096,xt_neighbor,806390,2,hamming,4
904,212.7892189025879,compairr,806390,2,hamming,4
905,18.36516785621643,symscancli2,806390,2,hamming,4
906,61.79122185707092,symspell,1440161,2,hamming,8
907,18.245331525802612,xt_neighbor,1440161,2,hamming,8
908,480.41760993003845,compairr,1440161,2,hamming,8
909,38.43497586250305,symscancli2,1440161,2,hamming,8
910,133.98959708213806,symspell,2580811,2,hamming,16
911,40.60151672363281,xt_neighbor,2580811,2,hamming,16
912,909.9702508449554,compairr,2580811,2,hamming,16
913,81.0206651687622,symscancli2,2580811,2,hamming,16
914,90.33778524398804,xt_neighbor,4468986,2,hamming,32
915,162.97921204566956,symscancli2,4468986,2,hamming,32
916,1.655097246170044,symspell,89714,2,hamming,1
917,1.1049463748931885,xt_neighbor,89714,2,hamming,1
918,16.437071561813354,compairr,89714,2,hamming,1
919,2.209615468978882,symscancli2,89714,2,hamming,1
920,8.271582126617432,symspell,353342,2,hamming,2
921,3.411086082458496,xt_neighbor,353342,2,hamming,2
922,87.20303082466125,compairr,353342,2,hamming,2
923,8.438478708267212,symscancli2,353342,2,hamming,2
924,29.38824701309204,symspell,746789,2,hamming,4
925,8.020850896835327,xt_neighbor,746789,2,hamming,4
926,192.44757199287415,compairr,746789,2,hamming,4
927,17.05817723274231,symscancli2,746789,2,hamming,4
928,60.44218921661377,symspell,1300965,2,hamming,8
929,16.143747329711914,xt_neighbor,1300965,2,hamming,8
930,410.62342047691345,compairr,1300965,2,hamming,8
931,35.5282199382782,symscancli2,1300965,2,hamming,8
932,144.5285120010376,symspell,2634076,2,hamming,16
933,42.921324729919434,xt_neighbor,2634076,2,hamming,16
934,963.9136545658112,compairr,2634076,2,hamming,16
935,82.90213871002197,symscancli2,2634076,2,hamming,16
936,95.93949627876282,xt_neighbor,4691046,2,hamming,32
937,173.0648558139801,symscancli2,4691046,2,hamming,32
938,1.1315698623657227,symspell,60584,2,hamming,1
939,1.0047500133514404,xt_neighbor,60584,2,hamming,1
940,9.923932790756226,compairr,60584,2,hamming,1
941,1.507697582244873,symscancli2,60584,2,hamming,1
942,6.96315336227417,symspell,307330,2,hamming,2
943,2.911132574081421,xt_neighbor,307330,2,hamming,2
944,71.66861248016357,compairr,307330,2,hamming,2
945,7.028529167175293,symscancli2,307330,2,hamming,2
946,26.15169906616211,symspell,694558,2,hamming,4
947,7.11986780166626,xt_neighbor,694558,2,hamming,4
948,198.1182873249054,compairr,694558,2,hamming,4
949,15.553681373596191,symscancli2,694558,2,hamming,4
950,59.955867290496826,symspell,1309374,2,hamming,8
951,15.743227005004883,xt_neighbor,1309374,2,hamming,8
952,414.6908423900604,compairr,1309374,2,hamming,8
953,34.53150510787964,symscancli2,1309374,2,hamming,8
954,132.33310651779175,symspell,2571899,2,hamming,16
955,39.40649080276489,xt_neighbor,2571899,2,hamming,16
956,938.6340901851654,compairr,2571899,2,hamming,16
957,86.38260698318481,symscancli2,2571899,2,hamming,16
958,96.26745533943176,xt_neighbor,4666962,2,hamming,32
959,176.49522519111633,symscancli2,4666962,2,hamming,32
0,0.2041306495666504,compairr2,241817,1,hamming,1
1,0.30445241928100586,compairr2,397596,1,hamming,2
2,0.6050338745117188,compairr2,723111,1,hamming,4
3,1.5132474899291992,compairr2,1443770,1,hamming,8
4,3.1267518997192383,compairr2,2473073,1,hamming,16
5,6.3319597244262695,compairr2,4595236,1,hamming,32
6,13.974420070648193,compairr2,8820934,1,hamming,64
7,0.20516037940979004,compairr2,251590,1,hamming,1
8,0.4062941074371338,compairr2,462523,1,hamming,2
9,0.7064471244812012,compairr2,778921,1,hamming,4
10,1.3092408180236816,compairr2,1308916,1,hamming,8
11,3.014353036880493,compairr2,2623852,1,hamming,16
12,6.536084413528442,compairr2,4655821,1,hamming,32
13,13.666977167129517,compairr2,8737969,1,hamming,64
14,0.10193157196044922,compairr2,66527,1,hamming,1
15,0.1022179126739502,compairr2,154429,1,hamming,2
16,0.6061406135559082,compairr2,722278,1,hamming,4
17,1.3074138164520264,compairr2,1311420,1,hamming,8
18,3.0157055854797363,compairr2,2588661,1,hamming,16
19,5.7282819747924805,compairr2,4369974,1,hamming,32
20,12.673776149749756,compairr2,8205393,1,hamming,64
21,0.20286250114440918,compairr2,197663,1,hamming,1
22,0.30480480194091797,compairr2,365079,1,hamming,2
23,0.607363224029541,compairr2,662710,1,hamming,4
24,1.5114548206329346,compairr2,1423719,1,hamming,8
25,2.918886661529541,compairr2,2381475,1,hamming,16
26,5.727245807647705,compairr2,4380561,1,hamming,32
27,12.658514738082886,compairr2,8219351,1,hamming,64
28,0.2044520378112793,compairr2,275143,1,hamming,1
29,0.30402469635009766,compairr2,407666,1,hamming,2
30,0.5039691925048828,compairr2,609902,1,hamming,4
31,1.118882656097412,compairr2,1042508,1,hamming,8
32,2.5143351554870605,compairr2,2210476,1,hamming,16
33,5.425891160964966,compairr2,4218004,1,hamming,32
34,12.77083706855774,compairr2,8252118,1,hamming,64
35,0.2049548625946045,compairr2,186332,1,hamming,1
36,0.3046689033508301,compairr2,381531,1,hamming,2
37,0.504225492477417,compairr2,636908,1,hamming,4
38,1.409430980682373,compairr2,1350830,1,hamming,8
39,2.915163040161133,compairr2,2504289,1,hamming,16
40,5.7301928997039795,compairr2,4332597,1,hamming,32
41,12.783331155776978,compairr2,8204198,1,hamming,64
42,0.20523452758789062,compairr2,200405,1,hamming,1
43,0.3056488037109375,compairr2,372338,1,hamming,2
44,0.6075026988983154,compairr2,678232,1,hamming,4
45,1.2078261375427246,compairr2,1225051,1,hamming,8
46,2.512927532196045,compairr2,2224811,1,hamming,16
47,5.52659273147583,compairr2,4181857,1,hamming,32
48,12.467422008514404,compairr2,8205975,1,hamming,64
49,0.10246658325195312,compairr2,138866,1,hamming,1
50,0.20346736907958984,compairr2,273235,1,hamming,2
51,0.4036259651184082,compairr2,432302,1,hamming,4
52,1.0064003467559814,compairr2,1108997,1,hamming,8
53,2.4129953384399414,compairr2,2199851,1,hamming,16
54,5.830900430679321,compairr2,4153970,1,hamming,32
55,13.072625637054443,compairr2,8366743,1,hamming,64
56,0.20619606971740723,compairr2,208062,1,hamming,1
57,0.40395164489746094,compairr2,455677,1,hamming,2
58,0.7050838470458984,compairr2,792061,1,hamming,4
59,1.1074645519256592,compairr2,1196975,1,hamming,8
60,2.6148293018341064,compairr2,2302643,1,hamming,16
61,6.533427000045776,compairr2,4539951,1,hamming,32
62,13.25966763496399,compairr2,8573313,1,hamming,64
63,0.10243821144104004,compairr2,147472,1,hamming,1
64,0.2029860019683838,compairr2,290919,1,hamming,2
65,0.4036519527435303,compairr2,490802,1,hamming,4
66,1.2077417373657227,compairr2,1213841,1,hamming,8
67,2.7135226726531982,compairr2,2364481,1,hamming,16
68,6.235959768295288,compairr2,4379127,1,hamming,32
69,13.364642143249512,compairr2,8061148,1,hamming,64
70,0.20438933372497559,compairr2,168471,1,hamming,1
71,0.2070329189300537,compairr2,234141,1,hamming,2
72,0.6064438819885254,compairr2,596056,1,hamming,4
73,1.207956314086914,compairr2,1108134,1,hamming,8
74,2.4131109714508057,compairr2,2120276,1,hamming,16
75,6.350413084030151,compairr2,4472714,1,hamming,32
76,13.161916732788086,compairr2,8624085,1,hamming,64
77,0.10250997543334961,compairr2,146524,1,hamming,1
78,0.3036789894104004,compairr2,339616,1,hamming,2
79,0.8080132007598877,compairr2,899781,1,hamming,4
80,1.6111562252044678,compairr2,1509118,1,hamming,8
81,3.016871452331543,compairr2,2582492,1,hamming,16
82,6.631087779998779,compairr2,4852935,1,hamming,32
83,13.730390310287476,compairr2,8681153,1,hamming,64
84,0.20545172691345215,compairr2,195359,1,hamming,1
85,0.20507168769836426,compairr2,297977,1,hamming,2
86,0.5064420700073242,compairr2,602991,1,hamming,4
87,1.1078510284423828,compairr2,1211399,1,hamming,8
88,2.716618299484253,compairr2,2298126,1,hamming,16
89,6.243776321411133,compairr2,4535201,1,hamming,32
90,13.57379937171936,compairr2,8635875,1,hamming,64
91,0.20382952690124512,compairr2,294471,1,hamming,1
92,0.4057185649871826,compairr2,437324,1,hamming,2
93,0.8065731525421143,compairr2,862698,1,hamming,4
94,1.4082534313201904,compairr2,1438534,1,hamming,8
95,3.0166120529174805,compairr2,2581152,1,hamming,16
96,6.129910230636597,compairr2,4613666,1,hamming,32
97,13.187350988388062,compairr2,8560929,1,hamming,64
98,0.20271515846252441,compairr2,195235,1,hamming,1
99,0.40433359146118164,compairr2,422305,1,hamming,2
100,0.6052162647247314,compairr2,654820,1,hamming,4
101,1.209190845489502,compairr2,1172417,1,hamming,8
102,2.4115288257598877,compairr2,2172475,1,hamming,16
103,5.5258708000183105,compairr2,4191496,1,hamming,32
104,12.161516189575195,compairr2,8103786,1,hamming,64
105,0.10208773612976074,compairr2,125082,1,hamming,1
106,0.20259928703308105,compairr2,269600,1,hamming,2
107,0.40496373176574707,compairr2,455806,1,hamming,4
108,1.0069501399993896,compairr2,1134660,1,hamming,8
109,2.5134170055389404,compairr2,2284733,1,hamming,16
110,6.034052610397339,compairr2,4364176,1,hamming,32
111,12.673508405685425,compairr2,8216408,1,hamming,64
112,0.20280838012695312,compairr2,195235,1,hamming,1
113,0.30582094192504883,compairr2,354176,1,hamming,2
114,0.5051493644714355,compairr2,588677,1,hamming,4
115,1.4095673561096191,compairr2,1347061,1,hamming,8
116,3.115691900253296,compairr2,2637173,1,hamming,16
117,6.43548583984375,compairr2,4559171,1,hamming,32
118,13.266831159591675,compairr2,8403515,1,hamming,64
119,0.20493078231811523,compairr2,279828,1,hamming,1
120,0.5048046112060547,compairr2,560846,1,hamming,2
121,0.7069482803344727,compairr2,806390,1,hamming,4
122,1.6106255054473877,compairr2,1440161,1,hamming,8
123,3.116370916366577,compairr2,2580811,1,hamming,16
124,6.031003952026367,compairr2,4468986,1,hamming,32
125,13.169804096221924,compairr2,8399544,1,hamming,64
126,0.10204076766967773,compairr2,89714,1,hamming,1
127,0.3051285743713379,compairr2,353342,1,hamming,2
128,0.706852912902832,compairr2,746789,1,hamming,4
129,1.3137872219085693,compairr2,1300965,1,hamming,8
130,3.215686798095703,compairr2,2634076,1,hamming,16
131,6.741611957550049,compairr2,4691046,1,hamming,32
132,13.060453176498413,compairr2,8473319,1,hamming,64
133,0.10201287269592285,compairr2,60584,1,hamming,1
134,0.3052053451538086,compairr2,307330,1,hamming,2
135,0.6061277389526367,compairr2,694558,1,hamming,4
136,1.3070812225341797,compairr2,1309374,1,hamming,8
137,3.015324354171753,compairr2,2571899,1,hamming,16
138,6.3311309814453125,compairr2,4666962,1,hamming,32
139,14.465827703475952,compairr2,9200956,1,hamming,64
140,0.10202860832214355,compairr2,77982,1,hamming,1
141,0.10205531120300293,compairr2,129078,1,hamming,2
142,0.30326080322265625,compairr2,311736,1,hamming,4
143,0.8057036399841309,compairr2,862180,1,hamming,8
144,2.4147467613220215,compairr2,2171610,1,hamming,16
145,5.8275978565216064,compairr2,4257565,1,hamming,32
146,12.25748586654663,compairr2,8026780,1,hamming,64
147,0.2034151554107666,compairr2,217601,1,hamming,1
148,0.4156522750854492,compairr2,457358,1,hamming,2
149,0.5056588649749756,compairr2,620633,1,hamming,4
150,1.6102361679077148,compairr2,1524313,1,hamming,8
151,3.8208560943603516,compairr2,2941501,1,hamming,16
152,7.252310514450073,compairr2,5087624,1,hamming,32
153,14.193320274353027,compairr2,9048404,1,hamming,64
154,0.2056884765625,compairr2,233967,1,hamming,1
155,0.30542969703674316,compairr2,370336,1,hamming,2
156,0.6065716743469238,compairr2,663486,1,hamming,4
157,1.4101641178131104,compairr2,1366958,1,hamming,8
158,3.216078281402588,compairr2,2692410,1,hamming,16
159,7.034466028213501,compairr2,5093287,1,hamming,32
160,13.273106336593628,compairr2,8513465,1,hamming,64
161,0.20299792289733887,compairr2,228520,1,hamming,1
162,0.30460214614868164,compairr2,417800,1,hamming,2
163,0.9077308177947998,compairr2,857734,1,hamming,4
164,1.3080110549926758,compairr2,1322180,1,hamming,8
165,2.9153754711151123,compairr2,2474813,1,hamming,16
166,6.442264080047607,compairr2,4473859,1,hamming,32
167,12.860331535339355,compairr2,8244708,1,hamming,64
168,0.20457744598388672,compairr2,183512,1,hamming,1
169,0.3033323287963867,compairr2,355912,1,hamming,2
170,0.7066967487335205,compairr2,749140,1,hamming,4
171,1.4089069366455078,compairr2,1406201,1,hamming,8
172,3.416595220565796,compairr2,2845280,1,hamming,16
173,7.233723878860474,compairr2,5187204,1,hamming,32
174,13.759442329406738,compairr2,8750765,1,hamming,64
175,0.10225105285644531,compairr2,136094,1,hamming,1
176,0.40360593795776367,compairr2,420529,1,hamming,2
177,0.506805419921875,compairr2,557067,1,hamming,4
178,1.1072797775268555,compairr2,1160664,1,hamming,8
179,2.9149317741394043,compairr2,2505123,1,hamming,16
180,6.333695411682129,compairr2,4506354,1,hamming,32
181,12.976876258850098,compairr2,8254413,1,hamming,64
182,0.20499801635742188,compairr2,183221,1,hamming,1
183,0.3036661148071289,compairr2,319224,1,hamming,2
184,0.7051980495452881,compairr2,747074,1,hamming,4
185,1.0065281391143799,compairr2,1116851,1,hamming,8
186,2.6145660877227783,compairr2,2245759,1,hamming,16
187,5.525025129318237,compairr2,4192661,1,hamming,32
188,12.903295278549194,compairr2,8258764,1,hamming,64
189,0.2041165828704834,compairr2,237720,1,hamming,1
190,0.30553412437438965,compairr2,410209,1,hamming,2
191,0.706228494644165,compairr2,737309,1,hamming,4
192,1.6094908714294434,compairr2,1522333,1,hamming,8
193,3.215553045272827,compairr2,2713640,1,hamming,16
194,6.6389875411987305,compairr2,4647955,1,hamming,32
195,13.258509397506714,compairr2,8616510,1,hamming,64
196,0.20369863510131836,compairr2,278749,1,hamming,1
197,0.30618953704833984,compairr2,385269,1,hamming,2
198,0.7066600322723389,compairr2,770152,1,hamming,4
199,1.6092612743377686,compairr2,1456441,1,hamming,8
200,2.714539051055908,compairr2,2390048,1,hamming,16
201,6.12696099281311,compairr2,4574225,1,hamming,32
202,13.459993839263916,compairr2,8487010,1,hamming,64
203,0.10201597213745117,compairr2,115618,1,hamming,1
204,0.3049190044403076,compairr2,349771,1,hamming,2
205,0.5060436725616455,compairr2,536454,1,hamming,4
206,1.3089118003845215,compairr2,1296533,1,hamming,8
207,2.9175682067871094,compairr2,2389541,1,hamming,16
208,6.3284595012664795,compairr2,4670968,1,hamming,32
209,13.265153646469116,compairr2,8496222,1,hamming,64
210,11.35772967338562,compairr2,241817,2,hamming,1
211,20.41887664794922,compairr2,397596,2,hamming,2
212,41.93360424041748,compairr2,723111,2,hamming,4
213,93.55408143997192,compairr2,1443770,2,hamming,8
214,175.0305962562561,compairr2,2473073,2,hamming,16
215,11.860189199447632,compairr2,251590,2,hamming,1
216,24.214791536331177,compairr2,462523,2,hamming,2
217,43.105756521224976,compairr2,778921,2,hamming,4
218,81.14361906051636,compairr2,1308916,2,hamming,8
219,185.5852391719818,compairr2,2623852,2,hamming,16
220,2.8257133960723877,compairr2,66527,2,hamming,1
221,6.426704168319702,compairr2,154429,2,hamming,2
222,42.112212896347046,compairr2,722278,2,hamming,4
223,81.97601652145386,compairr2,1311420,2,hamming,8
224,183.2019908428192,compairr2,2588661,2,hamming,16
225,9.038418769836426,compairr2,197663,2,hamming,1
226,19.19502329826355,compairr2,365079,2,hamming,2
227,37.46817874908447,compairr2,662710,2,hamming,4
228,92.07881355285645,compairr2,1423719,2,hamming,8
229,164.2893853187561,compairr2,2381475,2,hamming,16
230,13.08977723121643,compairr2,275143,2,hamming,1
231,21.22344994544983,compairr2,407666,2,hamming,2
232,32.886005878448486,compairr2,609902,2,hamming,4
233,60.01590633392334,compairr2,1042508,2,hamming,8
234,148.8896803855896,compairr2,2210476,2,hamming,16
235,8.847716808319092,compairr2,186332,2,hamming,1
236,19.18961477279663,compairr2,381531,2,hamming,2
237,35.06436562538147,compairr2,636908,2,hamming,4
238,84.85173153877258,compairr2,1350830,2,hamming,8
239,174.95511078834534,compairr2,2504289,2,hamming,16
240,9.566370248794556,compairr2,200405,2,hamming,1
241,19.097984313964844,compairr2,372338,2,hamming,2
242,38.47769212722778,compairr2,678232,2,hamming,4
243,74.70353960990906,compairr2,1225051,2,hamming,8
244,149.71981120109558,compairr2,2224811,2,hamming,16
245,6.249981641769409,compairr2,138866,2,hamming,1
246,13.163566589355469,compairr2,273235,2,hamming,2
247,22.620515823364258,compairr2,432302,2,hamming,4
248,65.63527321815491,compairr2,1108997,2,hamming,8
249,147.6903851032257,compairr2,2199851,2,hamming,16
250,9.338183164596558,compairr2,208062,2,hamming,1
251,23.706488847732544,compairr2,455677,2,hamming,2
252,44.1333749294281,compairr2,792061,2,hamming,4
253,72.98908877372742,compairr2,1196975,2,hamming,8
254,156.15700244903564,compairr2,2302643,2,hamming,16
255,6.432339191436768,compairr2,147472,2,hamming,1
256,14.063398599624634,compairr2,290919,2,hamming,2
257,25.850546836853027,compairr2,490802,2,hamming,4
258,74.1747498512268,compairr2,1213841,2,hamming,8
259,164.88720989227295,compairr2,2364481,2,hamming,16
260,7.855801820755005,compairr2,168471,2,hamming,1
261,11.056630611419678,compairr2,234141,2,hamming,2
262,32.26079750061035,compairr2,596056,2,hamming,4
263,65.12903237342834,compairr2,1108134,2,hamming,8
264,142.66540431976318,compairr2,2120276,2,hamming,16
265,6.429232835769653,compairr2,146524,2,hamming,1
266,17.21830677986145,compairr2,339616,2,hamming,2
267,51.26974129676819,compairr2,899781,2,hamming,4
268,95.58438563346863,compairr2,1509118,2,hamming,8
269,183.70766067504883,compairr2,2582492,2,hamming,16
270,9.045657873153687,compairr2,195359,2,hamming,1
271,14.36502456665039,compairr2,297977,2,hamming,2
272,32.56212139129639,compairr2,602991,2,hamming,4
273,73.26947402954102,compairr2,1211399,2,hamming,8
274,156.01582670211792,compairr2,2298126,2,hamming,16
275,14.265825748443604,compairr2,294471,2,hamming,1
276,23.103208541870117,compairr2,437324,2,hamming,2
277,48.8677179813385,compairr2,862698,2,hamming,4
278,93.6957094669342,compairr2,1438534,2,hamming,8
279,183.0837857723236,compairr2,2581152,2,hamming,16
280,8.837519407272339,compairr2,195235,2,hamming,1
281,21.903806447982788,compairr2,422305,2,hamming,2
282,36.79572939872742,compairr2,654820,2,hamming,4
283,70.75848078727722,compairr2,1172417,2,hamming,8
284,148.78417944908142,compairr2,2172475,2,hamming,16
285,4.920042991638184,compairr2,125082,2,hamming,1
286,12.763887166976929,compairr2,269600,2,hamming,2
287,23.716283559799194,compairr2,455806,2,hamming,4
288,67.68249106407166,compairr2,1134660,2,hamming,8
289,157.62838077545166,compairr2,2284733,2,hamming,16
290,9.164675235748291,compairr2,195235,2,hamming,1
291,18.183342456817627,compairr2,354176,2,hamming,2
292,32.65399360656738,compairr2,588677,2,hamming,4
293,86.26421976089478,compairr2,1347061,2,hamming,8
294,189.81191301345825,compairr2,2637173,2,hamming,16
295,13.758638858795166,compairr2,279828,2,hamming,1
296,30.944592237472534,compairr2,560846,2,hamming,2
297,45.71716284751892,compairr2,806390,2,hamming,4
298,94.78333926200867,compairr2,1440161,2,hamming,8
299,184.9415967464447,compairr2,2580811,2,hamming,16
300,3.7169811725616455,compairr2,89714,2,hamming,1
301,17.975517749786377,compairr2,353342,2,hamming,2
302,41.610257148742676,compairr2,746789,2,hamming,4
303,80.33762788772583,compairr2,1300965,2,hamming,8
304,189.10419964790344,compairr2,2634076,2,hamming,16
305,2.5195438861846924,compairr2,60584,2,hamming,1
306,14.96328353881836,compairr2,307330,2,hamming,2
307,39.386638879776,compairr2,694558,2,hamming,4
308,81.25781488418579,compairr2,1309374,2,hamming,8
309,182.68965649604797,compairr2,2571899,2,hamming,16
310,3.213613510131836,compairr2,77982,2,hamming,1
311,5.218595504760742,compairr2,129078,2,hamming,2
312,15.060503005981445,compairr2,311736,2,hamming,4
313,48.143603801727295,compairr2,862180,2,hamming,8
314,148.56157970428467,compairr2,2171610,2,hamming,16
315,10.153649091720581,compairr2,217601,2,hamming,1
316,23.940824508666992,compairr2,457358,2,hamming,2
317,34.48556351661682,compairr2,620633,2,hamming,4
318,96.45904445648193,compairr2,1524313,2,hamming,8
319,225.7129888534546,compairr2,2941501,2,hamming,16
320,10.677724599838257,compairr2,233967,2,hamming,1
321,18.99084210395813,compairr2,370336,2,hamming,2
322,37.19884371757507,compairr2,663486,2,hamming,4
323,87.35026264190674,compairr2,1366958,2,hamming,8
324,195.36022424697876,compairr2,2692410,2,hamming,16
325,10.552251100540161,compairr2,228520,2,hamming,1
326,21.12888741493225,compairr2,417800,2,hamming,2
327,49.15373516082764,compairr2,857734,2,hamming,4
328,84.64617037773132,compairr2,1322180,2,hamming,8
329,177.11597394943237,compairr2,2474813,2,hamming,16
330,8.432441473007202,compairr2,183512,2,hamming,1
331,18.58229374885559,compairr2,355912,2,hamming,2
332,42.1906521320343,compairr2,749140,2,hamming,4
333,92.34382677078247,compairr2,1406201,2,hamming,8
334,213.78828120231628,compairr2,2845280,2,hamming,16
335,5.522517442703247,compairr2,136094,2,hamming,1
336,22.041268587112427,compairr2,420529,2,hamming,2
337,29.634979724884033,compairr2,557067,2,hamming,4
338,68.9620749950409,compairr2,1160664,2,hamming,8
339,173.5841474533081,compairr2,2505123,2,hamming,16
340,8.64342737197876,compairr2,183221,2,hamming,1
341,15.974382877349854,compairr2,319224,2,hamming,2
342,42.1143434047699,compairr2,747074,2,hamming,4
343,66.01257538795471,compairr2,1116851,2,hamming,8
344,150.94750571250916,compairr2,2245759,2,hamming,16
345,11.348046064376831,compairr2,237720,2,hamming,1
346,21.104161739349365,compairr2,410209,2,hamming,2
347,43.13934516906738,compairr2,737309,2,hamming,4
348,98.30010080337524,compairr2,1522333,2,hamming,8
349,198.42113995552063,compairr2,2713640,2,hamming,16
350,13.462061643600464,compairr2,278749,2,hamming,1
351,20.193822383880615,compairr2,385269,2,hamming,2
352,43.45525646209717,compairr2,770152,2,hamming,4
353,96.50600123405457,compairr2,1456441,2,hamming,8
354,166.1580638885498,compairr2,2390048,2,hamming,16
355,4.820707321166992,compairr2,115618,2,hamming,1
356,18.087576389312744,compairr2,349771,2,hamming,2
357,28.936213493347168,compairr2,536454,2,hamming,4
358,80.86429953575134,compairr2,1296533,2,hamming,8
359,165.47666239738464,compairr2,2389541,2,hamming,16
0,408.5305507183075,compairr2,4595236,2,hamming,32
1,415.1556499004364,compairr2,4655821,2,hamming,32
2,391.159300327301,compairr2,4369974,2,hamming,32
3,394.3237192630768,compairr2,4380561,2,hamming,32
4,376.4214632511139,compairr2,4218004,2,hamming,32
5,381.4061243534088,compairr2,4332597,2,hamming,32
6,372.41974401474,compairr2,4181857,2,hamming,32
7,363.4783728122711,compairr2,4153970,2,hamming,32
8,400.881644487381,compairr2,4539951,2,hamming,32
9,393.2711908817291,compairr2,4379127,2,hamming,32
10,406.46206498146057,compairr2,4472714,2,hamming,32
11,448.43550419807434,compairr2,4852935,2,hamming,32
12,405.5892343521118,compairr2,4535201,2,hamming,32
13,424.169549703598,compairr2,4613666,2,hamming,32
14,370.4562039375305,compairr2,4191496,2,hamming,32
15,387.0562233924866,compairr2,4364176,2,hamming,32
16,416.80568075180054,compairr2,4559171,2,hamming,32
17,410.80323910713196,compairr2,4468986,2,hamming,32
18,434.39604687690735,compairr2,4691046,2,hamming,32
19,437.12461376190186,compairr2,4666962,2,hamming,32
20,379.29875469207764,compairr2,4257565,2,hamming,32
21,487.37908601760864,compairr2,5087624,2,hamming,32
22,496.2320222854614,compairr2,5093287,2,hamming,32
23,418.69378185272217,compairr2,4473859,2,hamming,32
24,510.53647208213806,compairr2,5187204,2,hamming,32
25,417.9193286895752,compairr2,4506354,2,hamming,32
26,401.2344295978546,compairr2,4192661,2,hamming,32
27,438.7001118659973,compairr2,4647955,2,hamming,32
28,422.1749722957611,compairr2,4574225,2,hamming,32
29,423.6540961265564,compairr2,4670968,2,hamming,32
0,276.04132056236267,symspell,4595236,1,hamming,32
1,299.9244866371155,symspell,4655821,1,hamming,32
2,261.10965871810913,symspell,4369974,1,hamming,32
3,280.29322052001953,symspell,4380561,1,hamming,32
4,260.8122868537903,symspell,4218004,1,hamming,32
5,263.40535140037537,symspell,4332597,1,hamming,32
6,256.0988609790802,symspell,4181857,1,hamming,32
7,263.0328631401062,symspell,4153970,1,hamming,32
8,278.3221344947815,symspell,4539951,1,hamming,32
9,270.441636800766,symspell,4379127,1,hamming,32
10,280.90986156463623,symspell,4472714,1,hamming,32
11,308.89561915397644,symspell,4852935,1,hamming,32
12,297.6955497264862,symspell,4535201,1,hamming,32
13,294.5946419239044,symspell,4613666,1,hamming,32
14,265.1057667732239,symspell,4191496,1,hamming,32
15,287.5770285129547,symspell,4364176,1,hamming,32
16,282.9229667186737,symspell,4559171,1,hamming,32
17,295.56621837615967,symspell,4468986,1,hamming,32
18,298.6654443740845,symspell,4691046,1,hamming,32
19,297.4156286716461,symspell,4666962,1,hamming,32
20,278.73083305358887,symspell,4257565,1,hamming,32
21,327.1030032634735,symspell,5087624,1,hamming,32
22,314.2817385196686,symspell,5093287,1,hamming,32
23,284.77130794525146,symspell,4473859,1,hamming,32
24,331.1766357421875,symspell,5187204,1,hamming,32
25,269.3462128639221,symspell,4506354,1,hamming,32
26,261.2608439922333,symspell,4192661,1,hamming,32
27,292.0436751842499,symspell,4647955,1,hamming,32
28,286.52739357948303,symspell,4574225,1,hamming,32
29,295.9822897911072,symspell,4670968,1,hamming,32
30,287.926842212677,symspell,4595236,2,hamming,32
31,289.06701159477234,symspell,4655821,2,hamming,32
32,274.17450761795044,symspell,4369974,2,hamming,32
33,276.6819076538086,symspell,4380561,2,hamming,32
34,255.99447560310364,symspell,4218004,2,hamming,32
35,270.67970085144043,symspell,4332597,2,hamming,32
36,271.6123275756836,symspell,4181857,2,hamming,32
37,256.00203132629395,symspell,4153970,2,hamming,32
38,291.5660037994385,symspell,4539951,2,hamming,32
39,276.928076505661,symspell,4379127,2,hamming,32
40,282.21600341796875,symspell,4472714,2,hamming,32
41,302.8339228630066,symspell,4852935,2,hamming,32
42,283.70706009864807,symspell,4535201,2,hamming,32
43,290.8782708644867,symspell,4613666,2,hamming,32
44,251.3202588558197,symspell,4191496,2,hamming,32
45,279.7750768661499,symspell,4364176,2,hamming,32
46,275.2186164855957,symspell,4559171,2,hamming,32
47,283.1010994911194,symspell,4468986,2,hamming,32
48,281.76333141326904,symspell,4691046,2,hamming,32
49,297.59036660194397,symspell,4666962,2,hamming,32
50,262.2433936595917,symspell,4257565,2,hamming,32
51,325.8453059196472,symspell,5087624,2,hamming,32
52,328.5326418876648,symspell,5093287,2,hamming,32
53,264.90473651885986,symspell,4473859,2,hamming,32
54,327.55859541893005,symspell,5187204,2,hamming,32
55,286.4974105358124,symspell,4506354,2,hamming,32
56,256.53236150741577,symspell,4192661,2,hamming,32
57,287.45900082588196,symspell,4647955,2,hamming,32
58,281.0221674442291,symspell,4574225,2,hamming,32
59,291.3360273838043,symspell,4670968,2,hamming,32
0,1.707226037979126,symscancli3,241817,1,hamming,1
1,2.8105626106262207,symscancli3,397596,1,hamming,2
2,5.418088912963867,symscancli3,723111,1,hamming,4
3,11.73668098449707,symscancli3,1443770,1,hamming,8
4,21.867051601409912,symscancli3,2473073,1,hamming,16
5,44.03301811218262,symscancli3,4595236,1,hamming,32
6,91.27164268493652,symscancli3,8820934,1,hamming,64
7,1.8078699111938477,symscancli3,251590,1,hamming,1
8,3.3113391399383545,symscancli3,462523,1,hamming,2
9,5.919705867767334,symscancli3,778921,1,hamming,4
10,10.43179988861084,symscancli3,1308916,1,hamming,8
11,23.268552541732788,symscancli3,2623852,1,hamming,16
12,44.53115725517273,symscancli3,4655821,1,hamming,32
13,91.06109952926636,symscancli3,8737969,1,hamming,64
14,0.5034122467041016,symscancli3,66527,1,hamming,1
15,1.1052803993225098,symscancli3,154429,1,hamming,2
16,5.517592906951904,symscancli3,722278,1,hamming,4
17,10.732345342636108,symscancli3,1311420,1,hamming,8
18,22.86958932876587,symscancli3,2588661,1,hamming,16
19,41.521238803863525,symscancli3,4369974,1,hamming,32
20,84.43523597717285,symscancli3,8205393,1,hamming,64
21,1.4069745540618896,symscancli3,197663,1,hamming,1
22,2.609517812728882,symscancli3,365079,1,hamming,2
23,4.916349649429321,symscancli3,662710,1,hamming,4
24,11.434991359710693,symscancli3,1423719,1,hamming,8
25,20.55864119529724,symscancli3,2381475,1,hamming,16
26,40.917505979537964,symscancli3,4380561,1,hamming,32
27,82.93405342102051,symscancli3,8219351,1,hamming,64
28,1.9078242778778076,symscancli3,275143,1,hamming,1
29,2.91046142578125,symscancli3,407666,1,hamming,2
30,4.414235830307007,symscancli3,609902,1,hamming,4
31,8.02424955368042,symscancli3,1042508,1,hamming,8
32,18.454147577285767,symscancli3,2210476,1,hamming,16
33,38.611796617507935,symscancli3,4218004,1,hamming,32
34,81.92252779006958,symscancli3,8252118,1,hamming,64
35,1.3054580688476562,symscancli3,186332,1,hamming,1
36,2.6090247631073,symscancli3,381531,1,hamming,2
37,4.514204502105713,symscancli3,636908,1,hamming,4
38,10.531355857849121,symscancli3,1350830,1,hamming,8
39,21.159366369247437,symscancli3,2504289,1,hamming,16
40,39.20975160598755,symscancli3,4332597,1,hamming,32
41,82.42850708961487,symscancli3,8204198,1,hamming,64
42,1.4056005477905273,symscancli3,200405,1,hamming,1
43,2.6098532676696777,symscancli3,372338,1,hamming,2
44,5.015803575515747,symscancli3,678232,1,hamming,4
45,9.628763198852539,symscancli3,1225051,1,hamming,8
46,18.855971097946167,symscancli3,2224811,1,hamming,16
47,38.5107946395874,symscancli3,4181857,1,hamming,32
48,81.5315957069397,symscancli3,8205975,1,hamming,64
49,0.9049859046936035,symscancli3,138866,1,hamming,1
50,1.8070533275604248,symscancli3,273235,1,hamming,2
51,3.0108888149261475,symscancli3,432302,1,hamming,4
52,8.626659393310547,symscancli3,1108997,1,hamming,8
53,18.657119274139404,symscancli3,2199851,1,hamming,16
54,38.209731578826904,symscancli3,4153970,1,hamming,32
55,85.64073896408081,symscancli3,8366743,1,hamming,64
56,1.5066418647766113,symscancli3,208062,1,hamming,1
57,3.311368227005005,symscancli3,455677,1,hamming,2
58,6.021050453186035,symscancli3,792061,1,hamming,4
59,9.729711771011353,symscancli3,1196975,1,hamming,8
60,20.058839321136475,symscancli3,2302643,1,hamming,16
61,42.825623989105225,symscancli3,4539951,1,hamming,32
62,88.04725074768066,symscancli3,8573313,1,hamming,64
63,1.1058037281036377,symscancli3,147472,1,hamming,1
64,2.108187198638916,symscancli3,290919,1,hamming,2
65,3.512026786804199,symscancli3,490802,1,hamming,4
66,9.628201723098755,symscancli3,1213841,1,hamming,8
67,20.964359998703003,symscancli3,2364481,1,hamming,16
68,42.019954204559326,symscancli3,4379127,1,hamming,32
69,83.63682150840759,symscancli3,8061148,1,hamming,64
70,1.2056546211242676,symscancli3,168471,1,hamming,1
71,1.7069127559661865,symscancli3,234141,1,hamming,2
72,4.415835857391357,symscancli3,596056,1,hamming,4
73,8.727678775787354,symscancli3,1108134,1,hamming,8
74,18.354885578155518,symscancli3,2120276,1,hamming,16
75,42.72522258758545,symscancli3,4472714,1,hamming,32
76,90.05327534675598,symscancli3,8624085,1,hamming,64
77,1.0052204132080078,symscancli3,146524,1,hamming,1
78,2.5094375610351562,symscancli3,339616,1,hamming,2
79,7.122668027877808,symscancli3,899781,1,hamming,4
80,12.437377691268921,symscancli3,1509118,1,hamming,8
81,22.967247009277344,symscancli3,2582492,1,hamming,16
82,47.136900186538696,symscancli3,4852935,1,hamming,32
83,91.4641466140747,symscancli3,8681153,1,hamming,64
84,1.4059913158416748,symscancli3,195359,1,hamming,1
85,2.2090249061584473,symscancli3,297977,1,hamming,2
86,4.61538553237915,symscancli3,602991,1,hamming,4
87,9.930763959884644,symscancli3,1211399,1,hamming,8
88,20.25723934173584,symscancli3,2298126,1,hamming,16
89,43.322046518325806,symscancli3,4535201,1,hamming,32
90,90.75899577140808,symscancli3,8635875,1,hamming,64
91,2.1088740825653076,symscancli3,294471,1,hamming,1
92,3.2118475437164307,symscancli3,437324,1,hamming,2
93,6.520174741744995,symscancli3,862698,1,hamming,4
94,11.634041547775269,symscancli3,1438534,1,hamming,8
95,22.871143102645874,symscancli3,2581152,1,hamming,16
96,43.23126816749573,symscancli3,4613666,1,hamming,32
97,87.75174283981323,symscancli3,8560929,1,hamming,64
98,1.3059544563293457,symscancli3,195235,1,hamming,1
99,3.110635995864868,symscancli3,422305,1,hamming,2
100,4.816131114959717,symscancli3,654820,1,hamming,4
101,9.226974964141846,symscancli3,1172417,1,hamming,8
102,18.654367208480835,symscancli3,2172475,1,hamming,16
103,39.009645223617554,symscancli3,4191496,1,hamming,32
104,81.12849354743958,symscancli3,8103786,1,hamming,64
105,0.8047478199005127,symscancli3,125082,1,hamming,1
106,1.8073046207427979,symscancli3,269600,1,hamming,2
107,3.1108272075653076,symscancli3,455806,1,hamming,4
108,8.62660813331604,symscancli3,1134660,1,hamming,8
109,19.1558997631073,symscancli3,2284733,1,hamming,16
110,39.71543836593628,symscancli3,4364176,1,hamming,32
111,82.33212184906006,symscancli3,8216408,1,hamming,64
112,1.3062036037445068,symscancli3,195235,1,hamming,1
113,2.4089205265045166,symscancli3,354176,1,hamming,2
114,4.2135910987854,symscancli3,588677,1,hamming,4
115,10.530612230300903,symscancli3,1347061,1,hamming,8
116,22.465430974960327,symscancli3,2637173,1,hamming,16
117,42.319663524627686,symscancli3,4559171,1,hamming,32
118,85.43686723709106,symscancli3,8403515,1,hamming,64
119,1.9069652557373047,symscancli3,279828,1,hamming,1
120,4.01386570930481,symscancli3,560846,1,hamming,2
121,5.918156385421753,symscancli3,806390,1,hamming,4
122,11.434590578079224,symscancli3,1440161,1,hamming,8
123,21.96292996406555,symscancli3,2580811,1,hamming,16
124,41.215900182724,symscancli3,4468986,1,hamming,32
125,87.74934077262878,symscancli3,8399544,1,hamming,64
126,0.6037721633911133,symscancli3,89714,1,hamming,1
127,2.5091423988342285,symscancli3,353342,1,hamming,2
128,5.7190165519714355,symscancli3,746789,1,hamming,4
129,10.330114126205444,symscancli3,1300965,1,hamming,8
130,23.06578040122986,symscancli3,2634076,1,hamming,16
131,43.824793100357056,symscancli3,4691046,1,hamming,32
132,85.94001626968384,symscancli3,8473319,1,hamming,64
133,0.40291881561279297,symscancli3,60584,1,hamming,1
134,2.208207845687866,symscancli3,307330,1,hamming,2
135,5.115597724914551,symscancli3,694558,1,hamming,4
136,10.23210859298706,symscancli3,1309374,1,hamming,8
137,22.060949563980103,symscancli3,2571899,1,hamming,16
138,43.925894260406494,symscancli3,4666962,1,hamming,32
139,93.66367053985596,symscancli3,9200956,1,hamming,64
140,0.5034825801849365,symscancli3,77982,1,hamming,1
141,0.9046170711517334,symscancli3,129078,1,hamming,2
142,2.1079514026641846,symscancli3,311736,1,hamming,4
143,6.420152902603149,symscancli3,862180,1,hamming,8
144,18.354251861572266,symscancli3,2171610,1,hamming,16
145,39.61737775802612,symscancli3,4257565,1,hamming,32
146,80.7166965007782,symscancli3,8026780,1,hamming,64
147,1.5057415962219238,symscancli3,217601,1,hamming,1
148,3.3110592365264893,symscancli3,457358,1,hamming,2
149,4.614161014556885,symscancli3,620633,1,hamming,4
150,12.335964441299438,symscancli3,1524313,1,hamming,8
151,25.97641110420227,symscancli3,2941501,1,hamming,16
152,48.54053831100464,symscancli3,5087624,1,hamming,32
153,92.15720725059509,symscancli3,9048404,1,hamming,64
154,1.6062335968017578,symscancli3,233967,1,hamming,1
155,2.7091476917266846,symscancli3,370336,1,hamming,2
156,4.916081666946411,symscancli3,663486,1,hamming,4
157,10.932015895843506,symscancli3,1366958,1,hamming,8
158,23.666996955871582,symscancli3,2692410,1,hamming,16
159,49.64094018936157,symscancli3,5093287,1,hamming,32
160,88.85244798660278,symscancli3,8513465,1,hamming,64
161,1.606494665145874,symscancli3,228520,1,hamming,1
162,3.110805034637451,symscancli3,417800,1,hamming,2
163,6.720788478851318,symscancli3,857734,1,hamming,4
164,10.932255268096924,symscancli3,1322180,1,hamming,8
165,21.86264657974243,symscancli3,2474813,1,hamming,16
166,42.41874957084656,symscancli3,4473859,1,hamming,32
167,85.13760900497437,symscancli3,8244708,1,hamming,64
168,1.3054389953613281,symscancli3,183512,1,hamming,1
169,2.5096435546875,symscancli3,355912,1,hamming,2
170,5.718130588531494,symscancli3,749140,1,hamming,4
171,11.534857273101807,symscancli3,1406201,1,hamming,8
172,25.471672296524048,symscancli3,2845280,1,hamming,16
173,50.44155216217041,symscancli3,5187204,1,hamming,32
174,91.15572476387024,symscancli3,8750765,1,hamming,64
175,0.904775857925415,symscancli3,136094,1,hamming,1
176,3.0109517574310303,symscancli3,420529,1,hamming,2
177,4.113631010055542,symscancli3,557067,1,hamming,4
178,9.227607488632202,symscancli3,1160664,1,hamming,8
179,22.06446599960327,symscancli3,2505123,1,hamming,16
180,42.51955986022949,symscancli3,4506354,1,hamming,32
181,85.33744406700134,symscancli3,8254413,1,hamming,64
182,1.3054993152618408,symscancli3,183221,1,hamming,1
183,2.308584213256836,symscancli3,319224,1,hamming,2
184,5.618161201477051,symscancli3,747074,1,hamming,4
185,8.726002931594849,symscancli3,1116851,1,hamming,8
186,19.45616579055786,symscancli3,2245759,1,hamming,16
187,39.41738319396973,symscancli3,4192661,1,hamming,32
188,84.84210968017578,symscancli3,8258764,1,hamming,64
189,1.7067298889160156,symscancli3,237720,1,hamming,1
190,2.909741163253784,symscancli3,410209,1,hamming,2
191,5.417871475219727,symscancli3,737309,1,hamming,4
192,12.537295579910278,symscancli3,1522333,1,hamming,8
193,24.270328760147095,symscancli3,2713640,1,hamming,16
194,44.83038520812988,symscancli3,4647955,1,hamming,32
195,89.95943331718445,symscancli3,8616510,1,hamming,64
196,2.007652997970581,symscancli3,278749,1,hamming,1
197,2.8103551864624023,symscancli3,385269,1,hamming,2
198,6.018904447555542,symscancli3,770152,1,hamming,4
199,12.135751247406006,symscancli3,1456441,1,hamming,8
200,21.160364151000977,symscancli3,2390048,1,hamming,16
201,44.330952882766724,symscancli3,4574225,1,hamming,32
202,90.96643447875977,symscancli3,8487010,1,hamming,64
203,0.8043980598449707,symscancli3,115618,1,hamming,1
204,2.609657049179077,symscancli3,349771,1,hamming,2
205,4.113734483718872,symscancli3,536454,1,hamming,4
206,10.934722423553467,symscancli3,1296533,1,hamming,8
207,21.864868879318237,symscancli3,2389541,1,hamming,16
208,46.238675355911255,symscancli3,4670968,1,hamming,32
209,91.46973371505737,symscancli3,8496222,1,hamming,64
210,12.037569046020508,symscancli3,241817,2,hamming,1
211,22.068082094192505,symscancli3,397596,2,hamming,2
212,45.93722891807556,symscancli3,723111,2,hamming,4
213,110.32957339286804,symscancli3,1443770,2,hamming,8
214,225.36174249649048,symscancli3,2473073,2,hamming,16
215,12.439072847366333,symscancli3,251590,2,hamming,1
216,26.077714443206787,symscancli3,462523,2,hamming,2
217,50.15043640136719,symscancli3,778921,2,hamming,4
218,97.59466481208801,symscancli3,1308916,2,hamming,8
219,240.41526412963867,symscancli3,2623852,2,hamming,16
220,2.8108978271484375,symscancli3,66527,2,hamming,1
221,7.424357652664185,symscancli3,154429,2,hamming,2
222,46.845863819122314,symscancli3,722278,2,hamming,4
223,100.20924282073975,symscancli3,1311420,2,hamming,8
224,237.20268297195435,symscancli3,2588661,2,hamming,16
225,9.630659580230713,symscancli3,197663,2,hamming,1
226,19.25711703300476,symscancli3,365079,2,hamming,2
227,39.71457767486572,symscancli3,662710,2,hamming,4
228,105.80295729637146,symscancli3,1423719,2,hamming,8
229,204.18703651428223,symscancli3,2381475,2,hamming,16
230,13.942510604858398,symscancli3,275143,2,hamming,1
231,22.06593346595764,symscancli3,407666,2,hamming,2
232,36.10726451873779,symscancli3,609902,2,hamming,4
233,70.70294332504272,symscancli3,1042508,2,hamming,8
234,185.02672362327576,symscancli3,2210476,2,hamming,16
235,8.62596082687378,symscancli3,186332,2,hamming,1
236,19.45676565170288,symscancli3,381531,2,hamming,2
237,36.40149784088135,symscancli3,636908,2,hamming,4
238,94.97205996513367,symscancli3,1350830,2,hamming,8
239,210.78818035125732,symscancli3,2504289,2,hamming,16
240,9.729475498199463,symscancli3,200405,2,hamming,1
241,19.557700634002686,symscancli3,372338,2,hamming,2
242,41.02069020271301,symscancli3,678232,2,hamming,4
243,83.92978978157043,symscancli3,1225051,2,hamming,8
244,182.40756726264954,symscancli3,2224811,2,hamming,16
245,6.1191253662109375,symscancli3,138866,2,hamming,1
246,13.338598489761353,symscancli3,273235,2,hamming,2
247,22.26217222213745,symscancli3,432302,2,hamming,4
248,73.81104731559753,symscancli3,1108997,2,hamming,8
249,175.28506016731262,symscancli3,2199851,2,hamming,16
250,9.429645538330078,symscancli3,208062,2,hamming,1
251,23.668637990951538,symscancli3,455677,2,hamming,2
252,46.92980980873108,symscancli3,792061,2,hamming,4
253,80.82982087135315,symscancli3,1196975,2,hamming,8
254,187.12702012062073,symscancli3,2302643,2,hamming,16
255,6.420436143875122,symscancli3,147472,2,hamming,1
256,14.041810035705566,symscancli3,290919,2,hamming,2
257,25.975513458251953,symscancli3,490802,2,hamming,4
258,81.62765383720398,symscancli3,1213841,2,hamming,8
259,190.21026611328125,symscancli3,2364481,2,hamming,16
260,7.523797273635864,symscancli3,168471,2,hamming,1
261,10.931491374969482,symscancli3,234141,2,hamming,2
262,32.79147028923035,symscancli3,596056,2,hamming,4
263,72.89975333213806,symscancli3,1108134,2,hamming,8
264,167.56692814826965,symscancli3,2120276,2,hamming,16
265,6.420119524002075,symscancli3,146524,2,hamming,1
266,16.44723606109619,symscancli3,339616,2,hamming,2
267,54.95208787918091,symscancli3,899781,2,hamming,4
268,104.78685140609741,symscancli3,1509118,2,hamming,8
269,222.0164451599121,symscancli3,2582492,2,hamming,16
270,8.726707458496094,symscancli3,195359,2,hamming,1
271,14.241985559463501,symscancli3,297977,2,hamming,2
272,33.59698820114136,symscancli3,602991,2,hamming,4
273,80.4213171005249,symscancli3,1211399,2,hamming,8
274,185.8172779083252,symscancli3,2298126,2,hamming,16
275,13.94009017944336,symscancli3,294471,2,hamming,1
276,22.06350803375244,symscancli3,437324,2,hamming,2
277,49.1327440738678,symscancli3,862698,2,hamming,4
278,97.15859532356262,symscancli3,1438534,2,hamming,8
279,206.84773325920105,symscancli3,2581152,2,hamming,16
280,8.826865911483765,symscancli3,195235,2,hamming,1
281,22.16131854057312,symscancli3,422305,2,hamming,2
282,37.80686163902283,symscancli3,654820,2,hamming,4
283,79.02208042144775,symscancli3,1172417,2,hamming,8
284,179.40053868293762,symscancli3,2172475,2,hamming,16
285,5.417903661727905,symscancli3,125082,2,hamming,1
286,12.840104103088379,symscancli3,269600,2,hamming,2
287,23.968523740768433,symscancli3,455806,2,hamming,4
288,72.50283432006836,symscancli3,1134660,2,hamming,8
289,181.30500102043152,symscancli3,2284733,2,hamming,16
290,9.129065752029419,symscancli3,195235,2,hamming,1
291,17.550007104873657,symscancli3,354176,2,hamming,2
292,31.992114782333374,symscancli3,588677,2,hamming,4
293,90.45255494117737,symscancli3,1347061,2,hamming,8
294,216.69802904129028,symscancli3,2637173,2,hamming,16
295,13.139069080352783,symscancli3,279828,2,hamming,1
296,29.785551071166992,symscancli3,560846,2,hamming,2
297,46.93195557594299,symscancli3,806390,2,hamming,4
298,100.18193626403809,symscancli3,1440161,2,hamming,8
299,215.2931888103485,symscancli3,2580811,2,hamming,16
300,3.7117133140563965,symscancli3,89714,2,hamming,1
301,17.44940495491028,symscancli3,353342,2,hamming,2
302,42.82533001899719,symscancli3,746789,2,hamming,4
303,87.94277262687683,symscancli3,1300965,2,hamming,8
304,220.90957164764404,symscancli3,2634076,2,hamming,16
305,2.5085787773132324,symscancli3,60584,2,hamming,1
306,14.444601058959961,symscancli3,307330,2,hamming,2
307,39.20666980743408,symscancli3,694558,2,hamming,4
308,89.84992933273315,symscancli3,1309374,2,hamming,8
309,217.8149664402008,symscancli3,2571899,2,hamming,16
310,3.1107208728790283,symscancli3,77982,2,hamming,1
311,5.516684293746948,symscancli3,129078,2,hamming,2
312,14.84310531616211,symscancli3,311736,2,hamming,4
313,51.33998656272888,symscancli3,862180,2,hamming,8
314,171.4660177230835,symscancli3,2171610,2,hamming,16
315,10.028296709060669,symscancli3,217601,2,hamming,1
316,24.166669607162476,symscancli3,457358,2,hamming,2
317,35.600887060165405,symscancli3,620633,2,hamming,4
318,110.69764256477356,symscancli3,1524313,2,hamming,8
319,260.70883321762085,symscancli3,2941501,2,hamming,16
320,11.032431602478027,symscancli3,233967,2,hamming,1
321,18.85340428352356,symscancli3,370336,2,hamming,2
322,37.80725121498108,symscancli3,663486,2,hamming,4
323,93.75751519203186,symscancli3,1366958,2,hamming,8
324,224.60750007629395,symscancli3,2692410,2,hamming,16
325,10.330997467041016,symscancli3,228520,2,hamming,1
326,20.860201597213745,symscancli3,417800,2,hamming,2
327,50.94176411628723,symscancli3,857734,2,hamming,4
328,88.84434533119202,symscancli3,1322180,2,hamming,8
329,202.76542592048645,symscancli3,2474813,2,hamming,16
330,8.223141193389893,symscancli3,183512,2,hamming,1
331,17.348901987075806,symscancli3,355912,2,hamming,2
332,42.51658272743225,symscancli3,749140,2,hamming,4
333,93.86104345321655,symscancli3,1406201,2,hamming,8
334,241.46968913078308,symscancli3,2845280,2,hamming,16
335,5.91762113571167,symscancli3,136094,2,hamming,1
336,20.95802927017212,symscancli3,420529,2,hamming,2
337,29.7873752117157,symscancli3,557067,2,hamming,4
338,75.70962762832642,symscancli3,1160664,2,hamming,8
339,208.98383975028992,symscancli3,2505123,2,hamming,16
340,8.125957012176514,symscancli3,183221,2,hamming,1
341,15.44556450843811,symscancli3,319224,2,hamming,2
342,42.42155146598816,symscancli3,747074,2,hamming,4
343,70.5997622013092,symscancli3,1116851,2,hamming,8
344,181.02076506614685,symscancli3,2245759,2,hamming,16
345,10.831913471221924,symscancli3,237720,2,hamming,1
346,20.456841707229614,symscancli3,410209,2,hamming,2
347,41.61373782157898,symscancli3,737309,2,hamming,4
348,104.88673663139343,symscancli3,1522333,2,hamming,8
349,230.0342981815338,symscancli3,2713640,2,hamming,16
350,13.339972496032715,symscancli3,278749,2,hamming,1
351,19.6607882976532,symscancli3,385269,2,hamming,2
352,44.82565999031067,symscancli3,770152,2,hamming,4
353,101.3878185749054,symscancli3,1456441,2,hamming,8
354,193.74301552772522,symscancli3,2390048,2,hamming,16
355,4.8151421546936035,symscancli3,115618,2,hamming,1
356,16.95024847984314,symscancli3,349771,2,hamming,2
357,28.079707860946655,symscancli3,536454,2,hamming,4
358,85.1306402683258,symscancli3,1296533,2,hamming,8
359,192.64098405838013,symscancli3,2389541,2,hamming,16
0,452.8233814239502,symscancli3,4595236,2,hamming,32
1,460.6570415496826,symscancli3,4655821,2,hamming,32
2,426.17218136787415,symscancli3,4369974,2,hamming,32
3,428.1707923412323,symscancli3,4380561,2,hamming,32
4,409.0066752433777,symscancli3,4218004,2,hamming,32
5,426.956663608551,symscancli3,4332597,2,hamming,32
6,407.5722198486328,symscancli3,4181857,2,hamming,32
7,395.82759284973145,symscancli3,4153970,2,hamming,32
8,451.7769603729248,symscancli3,4539951,2,hamming,32
9,430.54036808013916,symscancli3,4379127,2,hamming,32
10,441.45418334007263,symscancli3,4472714,2,hamming,32
11,491.9030740261078,symscancli3,4852935,2,hamming,32
12,453.10948967933655,symscancli3,4535201,2,hamming,32
13,462.6404666900635,symscancli3,4613666,2,hamming,32
14,416.1742961406708,symscancli3,4191496,2,hamming,32
15,424.8065347671509,symscancli3,4364176,2,hamming,32
16,456.51981019973755,symscancli3,4559171,2,hamming,32
17,447.4654836654663,symscancli3,4468986,2,hamming,32
18,473.4846260547638,symscancli3,4691046,2,hamming,32
19,467.225465297699,symscancli3,4666962,2,hamming,32
20,414.3969066143036,symscancli3,4257565,2,hamming,32
21,521.3078999519348,symscancli3,5087624,2,hamming,32
22,528.4070730209351,symscancli3,5093287,2,hamming,32
23,470.2915072441101,symscancli3,4473859,2,hamming,32
25,495.18919134140015,symscancli3,4506354,2,hamming,32
26,455.5470139980316,symscancli3,4192661,2,hamming,32
27,500.57020926475525,symscancli3,4647955,2,hamming,32
28,506.10744285583496,symscancli3,4574225,2,hamming,32
29,490.4775116443634,symscancli3,4670968,2,hamming,32
30,474.3278822898865,symscancli3,4595236,2,hamming,32
